Movie;IMDb ID;IMDb Rating;Gross Revenue;Budget;Net Profit
100 Rifles;0063970;5.9;;3920000;
101 Reykjavík;0237993;6.9;12182;;
Salo;;;;;
25th Hour;0307901;7.7;13060843;15000000;-1939157
2010;0086837;6.8;40200000;28000000;12200000
Le crime est notre affaire;1206478;6.3;;;
42nd Street;0024034;7.7;2300000;439000;1861000
48 Shades;0476519;6.0;;;
491;0057810;5.9;;;
Fifty Shades of Grey;2322441;4.1;570489358;40000000;530489358
50 Ways of Saying Fabulous;0429482;5.8;;;
52 Pick-Up;0090567;6.4;5186646;;
Die Hard 2;0099423;7.1;240031094;70000000;170031094
633 Squadron;0057811;6.4;;1300000;
The Alphabet Murders;0060094;5.4;;;
About a Boy;0276751;7.1;130549455;27000000;103549455
About Schmidt;0257360;7.2;105834556;30000000;75834556
Absolute Power;0118548;6.7;50007168;50000000;7168
The Accidental Tourist;0094606;6.8;32632093;;
Across 110th Street;0068168;7.0;10000000;;
Adam Resurrected;0479341;6.3;;10000000;
Abandon;0267248;4.9;12302219;25000000;-12697781
Paper Moon;0070510;8.2;30933743;;
Lü cha;0382821;6.9;;;
Adolphe;0307923;6.0;;;
Adventure;0037494;6.0;6000000;3500000;2500000
The Adventurers;0065374;5.1;;17000000;
Alatriste;;;;;
The Adventures of Hajji Baba;0046683;5.9;;;
The Adventures of Mark Twain;0088678;7.6;849915;;
Priklyucheniya Buratino;0073570;7.9;;;
The Adventures of Sherlock Holmes;0086661;8.8;;;
The Adventures of Mark Twain;0088678;7.6;849915;;
Advise & Consent;0055728;7.8;;;
Aelita;4963304;;;;
The African Queen;0043265;7.9;10750000;;
After Dark, My Sweet;0098994;6.6;2678414;;
Carlito's Way 1993;;;;;
Murder at the Gallop;0057334;7.3;;;
The Age of Innocence;0106226;7.2;32000000;30000000;2000000
The Agony and the Ecstasy;0058886;7.2;4000000;10000000;-6000000
Goodbye Again;0054936;7.0;;;
Air America;0099005;5.7;31053601;35000000;-3946399
Airborn;1542361;;;132750;
Airport;0065377;6.6;100489150;10000000;90489150
Alice Adams;0026056;7.1;;;
Allan Quatermain and the Lost City of Gold;0092534;4.3;3751699;;
The Architect;0466665;5.5;12644;;
Across to Singapore;0018618;7.3;596000;290000;306000
All the King's Men;0405676;6.2;7221458;55000000;-47778542
All the Pretty Horses;0149624;5.8;18133495;57000000;-38866505
All the Rivers Run;0086663;8.0;;;
Sex Drive;1135985;6.6;15079259;19000000;-3920741
Edge of Tomorrow;1631867;7.9;369206256;178000000;191206256
Hanyut;1823126;6.9;;5000000;
Along Came a Spider;0164334;6.3;105178561;60000000;45178561
Altered States;0080360;6.9;19853892;;
Always Another Dawn;0039147;4.6;;;
Always Outnumbered;0146425;7.3;;;
An American Dream;0060099;5.1;;;
Americanese;0402763;4.9;;;
American Psycho;0144084;7.6;34266564;7000000;27266564
American Splendor;0305206;7.5;6003587;;
A Place in the Sun;0043924;7.8;;2295304;
The Americanization of Emily;0057840;7.4;;;
Intervista;0093267;7.1;112560;;
The Amityville Horror;0384806;6.0;108047131;19000000;89047131
El Amor infiel;;;;;
The Young Rajah;0013802;7.0;;;
Amu;0414713;7.4;47806;;
Anatomy of a Murder;0052561;8.1;11900000;;
And Now Tomorrow;0036599;7.0;;;
Identity;0309698;7.3;90259536;30000000;60259536
The Anderson Tapes;0066767;6.4;;;
The Andromeda Nebula;;;;;
The Andromeda Strain;0066769;7.2;12376563;6500000;5876563
Angel 2007;;;;;
Angel Square;0101348;6.8;;;
Angels and Demons;4158638;;;;
Anglo-Saxon Attitudes;;;;;
The Angry Hills;0052563;5.8;;;
Die Angst des Tormanns beim Elfmeter;0066773;6.7;;;
The Day of the Dolphin;0069946;6.1;2300000;8500000;-6200000
Animal Farm;0204824;6.0;;23000000;
The King and I;0049408;7.5;21300000;4550000;16750000
Amour;1602620;7.9;29844753;8900000;20944753
Anna to the Infinite Power;0085169;6.6;;;
Anne of Green Gables: The Sequel;0092571;8.3;;;
Anne of Green Gables;0088727;8.4;;;
The Year of the Jellyfish;;;;;
Adventure;0037494;6.0;6000000;3500000;2500000
Masada;0081900;7.9;;;
Anthony Adverse;0027300;6.6;;1050500;
[Anti]killer;0325005;5.6;;1500000;
Antonieta;0083567;5.8;;;
Duel at Diablo;0060355;6.7;;;
Apartment for Peggy;0040104;7.2;;;
The Apocalypse Watch;0120027;4.6;;;
The Apple Dumpling Gang;0072653;6.3;36853000;;
Appointment with Death;0094669;6.1;960040;;
Appointment with Venus;0043293;6.0;;;
The Apprenticeship of Duddy Kravitz;0071155;6.8;;;
Buck Rogers;0032290;7.2;;;
L'armée des ombres;0064040;8.2;741766;;
The Man from Dakota;0031617;5.1;;;
Arrowsmith 1931;;;;;
El Asalto;;;;;
Ascenseur pour l'échafaud;0051378;8.0;263404;;
Ask the Dust;0384814;5.8;742614;;
The Wedding Date;0372532;6.1;47175038;15000000;32175038
The Asphalt Jungle;0042208;7.9;;;
The Assassination Bureau;0064045;6.7;;;
The Assassination of Jesse James by the Coward Robert Ford;0443680;7.6;3904982;30000000;-26095018
Gervaise;0049259;7.5;;;
Assunta Spina;0003637;6.5;;;
Der schweigende Stern;0053250;4.3;;;
Asylum 2005;;;;;
At Play in the Fields of the Lord;0101373;6.8;1342903;36000000;-34657097
Journey to the Center of the Earth;0373051;5.8;241995151;45000000;196995151
Atlantis;2705602;6.7;;;
Atonement;0783233;7.8;129266061;30000000;99266061
Audrey Rose;0075704;5.9;;;
The Auction Block;0016616;;;;
Auntie Mame;0051383;8.0;23300000;2240000;21060000
Avalon High;1614950;5.7;;;
The Aviator 1985;;;;;
Away All Boats;0048971;6.3;3500000;;
An Awfully Big Adventure;0112427;6.0;258195;4000000;-3741805
Le Couperet;;;;;
Ayat-Ayat Cinta;;;;;
Baby Love;0078819;4.1;;;
Babylon A.D.;0364970;5.6;22531698;70000000;-47468302
Back Street;0054653;6.8;;;
Back When We Were Grownups;0387851;6.5;;;
Background to Danger;0035659;6.5;;;
Bad Girl 1931;;;;;
The Bad Seed;0048977;7.5;;1000000;
Baise-moi;0249380;4.5;74018;;
L'appât;0112387;6.9;40617;;
Cat Ballou;0059017;6.9;20666667;;
The Flim-Flam Man;0061678;7.0;;;
The Running Man;0093894;6.6;38122105;27000000;11122105
Xiao cai feng;0291032;7.2;665260;;
Band of Angels;0050166;6.6;;;
Bank Shot;0071194;5.4;;;
Third Man on the Mountain;0053352;7.4;;;
The Barefoot Mailman;0043319;6.3;;;
The Great Mouse Detective;0091149;7.2;38625550;14000000;24625550
Bastard Out of Carolina;0115633;7.4;;;
Battle Cry;0047860;6.6;17440000;;
The Battle of the Villa Fiorita;0058949;5.9;;;
Batoru rowaiaru;0266308;7.7;;4500000;
Battlefield Earth;0185183;2.4;21471685;44000000;-22528315
Be Cool;0377471;5.6;95226116;53000000;42226116
A Patch of Blue;0059573;8.0;;800000;
The Accused;0094608;7.1;32069318;6000000;26069318
La spiaggia;0046352;6.8;;;
Beaches;0094715;6.7;57041866;;
The Young Warriors;0062516;6.1;;;
King Kong;0024216;8.0;10000000;670000;9330000
The Beastmaster;0083630;6.2;14056528;8000000;6056528
Que la bête meure;0064861;8.0;;;
The Beast Within;0083629;5.4;7742572;;
Beat the Devil;0046414;6.7;;1000000;
Beau Brocade;0317127;;;;
Beau Geste;0031088;7.9;;;
Beautiful Creatures;1559547;6.2;60052138;60000000;52138
Bedelia;0038342;6.7;;;
Bee Season;0387059;5.5;4432349;14000000;-9567651
The Public Enemy;0022286;7.8;;;
Suspicion;0034248;7.5;4500000;1103000;3397000
Behind That Curtain;0019684;4.8;;;
Being There;0078841;8.0;30177511;;
The Private Affairs of Bel Ami;0039735;6.8;;;
Secret Diary of a Call Girl;1000734;7.4;;;
Belli Moda;0231246;7.3;;;
Bellman and True;0092636;6.9;226944;;
Beloved;0120603;5.8;22852487;53000000;-30147513
Belphégor - Le fantôme du Louvre;0214529;4.4;;;
Ben-Hur;0052618;8.1;196200000;15900000;180300000
Son of Fury: The Story of Benjamin Blake;0035360;7.1;;;
Benzina;0302309;5.2;4307;;
Beowulf;0442933;6.3;196393745;150000000;46393745
Berlin Alexanderplatz;0080196;8.8;;;
La bestia nel cuore;0443446;6.6;;;
Human Desire;0047101;7.2;;;
The Betsy;0077228;5.0;17685000;;
Beyond the Forest;0041172;7.1;;;
Kala Pani;0255289;8.2;;;
The BFG;3691740;;;;
Bhowani Junction;0049007;6.4;4875000;3637000;1238000
Somewhere in Time;0081534;7.3;;5100000;
Bidaya wa Nihaya;;;;;
The Big Bounce;0315824;4.9;6471394;50000000;-43528606
The Big Clock;0040160;7.7;;;
Big Fish;0319061;8.0;122919055;70000000;52919055
The Big Fisherman;0052627;6.0;;4000000;
The Big Heat;0045555;8.0;;;
That's What I Am;1606180;7.1;;5000000;
The Big Lebowski;0118715;8.2;17451873;15000000;2451873
Big Trouble;0246464;6.5;7262288;40000000;-32737712
It Couldn't Happen Here;0093284;6.7;;;
Billion Dollar Brain;0061405;6.1;;;
Billy Bathgate;0101453;5.9;15965919;48000000;-32034081
Billy Liar;0056868;7.5;35609;;
Birdy;0086969;7.3;1455045;;
The Bishop's Wife;0039190;7.6;;;
Biruma no tategoto;0049012;8.1;;;
The Biscuit Eater;0068276;5.9;;;
Tart;0203975;4.7;;3300000;
Bitter Moon;0104779;7.1;1862805;5000000;-3137195
The Bitter Tea of General Yen;0023814;7.1;;;
The Leopard Man;0036104;6.9;;;
Senso '45;0267261;5.1;;;
Black Arrow;0088813;7.9;;;
Black Beauty;0109279;6.6;4630377;;
The Black Camel;0021668;7.2;;;
Street of Chance;0035388;6.4;;;
The Black Dahlia;0387877;5.6;22518325;50000000;-27481675
Black Narcissus;0039192;8.0;;;
The Chase;0109402;5.7;8009329;;
The Black Rose;0042256;6.3;;;
The Black Stallion;0078872;7.4;37799643;2700000;35099643
Black Sunday;0075765;6.8;15769322;;
Blackboard Jungle;0047885;7.4;;;
Blackbeard's Ghost;0062737;6.8;21540050;;
Robot Chicken;0437745;7.8;;;
Blaze of Noon;0039196;6.3;;;
Bleak House;0442632;8.6;;;
Bless the Beasts & Children;0068286;6.7;;;
Bless the Child;0163983;5.0;29374178;40000000;-10625822
Count Your Blessings;0052706;4.8;;;
Blood and Chocolate;0397044;5.5;3517928;;
Broken Arrow;0115759;6.0;150270147;50000000;100270147
Cop;0092783;6.4;1884315;2500000;-615685
Cop;0092783;6.4;1884315;2500000;-615685
The Blood Oranges;0118743;4.4;;;
Blood Work;0309377;6.4;26199517;50000000;-23800483
Blue Fin;0077249;6.0;;;
The Blue Lagoon;0080453;5.7;58853106;4500000;54353106
Blueprint;0321473;5.7;;;
Stand by Me;0092005;8.1;52287414;8000000;44287414
Al Ijtiyah;4027618;8.8;;;
Bombaiyer Bombete;0457805;7.1;;;
The Bonfire of the Vanities;0099165;5.4;15691192;47000000;-31308808
Bonjour tristesse;0051429;7.0;;;
Boogiepop and Others;;;;;
Daniel;0085398;6.6;276814;;
Das Boot;0082096;8.4;84970337;14000000;70970337
Man of the West;0051899;7.3;;;
The Border Legion;0032274;6.7;;;
Bordertown;3323254;;;;
Kari-gurashi no Arietti;1568921;7.7;145570827;;
The Bostonians;0086992;6.3;1009700;;
The Bourne Identity;0258463;7.9;214034224;60000000;154034224
The Bourne Supremacy;0372183;7.8;288500217;75000000;213500217
The Bourne Ultimatum;0440963;8.1;442824138;110000000;332824138
The Bourne Legacy;1194173;6.7;276144750;125000000;151144750
The Boy in the Striped Pyjamas;0914798;7.8;9030581;12500000;-3469419
Boy on a Dolphin;0050208;6.3;;;
The Boys from Brazil;0077269;7.0;19000000;12000000;7000000
The Bravados;0051433;7.0;;;
The Brave Bulls;0043359;6.9;;;
Lonely Are the Brave;0056195;7.7;;;
The Brave Little Toaster;0092695;7.3;;2300000;
Brave New World;0145600;5.3;;;
Breakfast of Champions;0120618;4.6;175370;12000000;-11824630
Breakfast on Pluto;0411195;7.3;828699;;
Breakfast with Scot;0910847;6.8;46060;;
Breakheart Pass;0072735;6.7;;;
Smith!;0065003;6.3;;;
La mariée était en noir;0061955;7.3;42324;747000;-704676
Brideshead Revisited;0412536;6.7;6414563;20000000;-13585437
The Bridge of San Luis Rey;0356443;5.1;42880;24000000;-23957120
Bridge to Terabithia;0398808;7.2;137587063;17000000;120587063
The Bridges at Toko-Ri;0046806;6.8;;;
The Bridges of Madison County;0112579;7.5;182016617;35000000;147016617
Bridget Jones's Diary;0243155;6.7;281929795;26000000;255929795
Bright Lights, Big City;0094799;5.6;16118077;25000000;-8881923
Brighton Rock;1233192;5.8;;12000000;
Bringing Out the Dead;0163988;6.8;16640210;55000000;-38359790
Elling;0279064;7.6;;;
Abril Despedaçado;0291003;7.7;64210;;
Brothers in Law;0050214;6.8;;;
The Brothers Karamazov;0051435;6.8;;;
Brown's Requiem;0171135;5.9;3077;;
Mister Buddwing;0059453;6.2;;;
Buffalo Girls;0111903;6.7;;;
Buffalo Soldiers;0252299;6.9;353743;15000000;-14646257
The Final Terror;0082379;5.0;;;
Burglar;0092710;4.9;16337355;;
Don Juan 1926;;;;;
The Burning Hills;0049036;5.9;;;
;;;;;
Mountains of the Moon;0100196;7.3;4011793;;
The Busy Body;0061431;5.7;;;
Gentlemen Marry Brunettes;0048111;5.1;;;
BUtterfield 8;0053622;6.4;16462599;2500000;13962599
The Adventures of Bullwhip Griffin;0061333;6.7;;;
The Caine Mutiny;0046816;7.9;;2000000;
Cal;0087019;6.7;;;
The Deadly Affair;0061556;6.8;;;
Decision Before Dawn;0043459;7.4;;;
What a Nightmare, Charlie Brown!;0076911;7.6;;;
Candy;0424880;7.3;44720;;
Canterbury Tales;0353045;7.5;;;
Canyon Passage;0038395;7.0;;;
Captain Blood;0026174;7.8;;1200000;
A Captive in the Land;0099219;5.4;;;
The Tall T;0051047;7.4;;;
The Love Bug;0064603;6.4;51264000;;
The Card;0045056;7.2;;;
Careful, He Might Hear You;0085295;7.0;;;
Carlito's Way;0106519;7.9;63848322;30000000;33848322
Nevada Smith;0060748;7.0;14170000;;
The House of the Spirits;0107151;6.9;6265311;25000000;-18734689
The Carey Treatment;0068337;6.2;;;
Les carnets du Major Thompson;0047921;6.0;;;
Down Three Dark Streets;0046928;6.8;;;
Cash McCall;0052680;6.5;;;
Casino Royale;0381061;8.0;599045960;150000000;449045960
The Last Castle;0272020;6.9;18208078;60000000;-41791922
Cat Chaser;0097028;5.4;;;
Koshka, kotoraya gulyala sama po sebe;0997248;7.2;;;
Catch-22;0065528;7.2;24911670;18000000;6911670
Catlow;0066900;5.5;;;
The Caveman's Valentine;0182000;6.0;687194;;
Les cerfs-volants;1101033;7.2;;;
Les diaboliques;0046911;8.2;;;
The Cement Garden;0106535;7.2;322975;;
Centennial;0076993;8.6;;25000000;
The Pianist;0253474;8.5;120072577;35000000;85072577
Vers le Sud;;;;;
The Chamber;0115862;5.9;22540359;50000000;-27459641
La HabitaciÃ³n azul;;;;;
Champagne;0018756;5.7;;;
The Chancellor Manuscript;;;;;
Changhen ge;0475263;5.7;;5000000;
Willy Wonka & the Chocolate Factory;0067992;7.8;4000000;3000000;1000000
Charlie Chan's Murder Cruise;0032326;7.7;;;
Charlie Muffin;0078956;7.1;;;
Charlotte Gray;0245046;6.4;668140;;
Charlotte's Web;0413895;6.4;144877632;;
Snowball Express;0069291;6.4;;;
The Cheetah Girls 2;0800318;4.9;;;
Gallows Hill;2387408;5.2;;5000000;
Children of Men;0206634;7.9;68327768;76000000;-7672232
The Crash;2571542;7.7;;;
The Children of Sanchez;0077326;7.2;;;
Westward Ho, the Wagons!;0049945;5.9;2750000;;
China Seas;0026205;7.0;;;
The Chinese Parrot;0017752;5.0;;;
Chocolat;0241303;7.3;152699946;25000000;127699946
The Chocolate War;0094869;6.9;303624;;
Christine;0085333;6.6;21200000;9700000;11500000
Candleshoe;0075807;6.7;;;
Living Single;0106056;7.2;;;
Kelly and Dolly: A Christmas to Remember;;;;;
Christmas Holiday;0036711;6.7;;;
The Christmas Shoes;0330152;6.9;;;
Christopher Strong;0023891;6.3;;284000;
The Lion, the Witch and the Wardrobe;0224907;8.5;;;
The Chronicles of Narnia: Prince Caspian;0499448;6.6;419651413;225000000;194651413
The Silver Chair 1990;;;;;
The Chronicles of Narnia: The Voyage of the Dawn Treader;0980970;6.3;418186950;155000000;263186950
The Chronicles of Narnia: The Magician's Nephew;;;;;
The Black Cauldron;0088814;6.4;21288692;44000000;-22711308
The Cider House Rules;0124315;7.4;88545092;24000000;64545092
Cimarron;0053715;6.4;4825000;5421000;-596000
The Cincinnati Kid;0059037;7.3;15260000;;
Cinderella Liberty;0069883;6.8;;;
Five Weeks in a Balloon;0055988;5.8;;;
7 Faces of Dr. Lao;0057812;7.3;;;
Cirque du Freak: The Vampire's Assistant;0450405;6.0;13698390;40000000;-26301610
The Citadel;0029995;7.3;;;
City of Ember;0970411;6.5;17929684;55000000;-37070316
Cidade de Deus;0317248;8.7;18062482;3300000;14762482
Clair de femme;0078978;6.5;;;
The Clan of the Cave Bear;0090848;5.3;1953732;15000000;-13046268
The Fall of a Nation;0006664;5.1;;;
Class Reunion;0084395;4.5;10054150;;
The Killing;1637727;8.2;;;
Clear and Present Danger;0109444;6.9;215887717;45000000;170887717
The Client;0109446;6.7;117600000;45000000;72600000
Clockers;0112688;6.9;13040603;25000000;-11959397
A Clockwork Orange;0066921;8.4;26589355;2200000;24389355
The Ninth Gate;0142688;6.7;58000000;38000000;20000000
Cockfighter;0071338;7.2;;;
Cocoon;0088933;6.6;85313124;;
Code of the West;2091266;7.0;;;
Three Coins in the Fountain;0047580;6.3;;;
Cold Mountain;0159365;7.2;173013509;79000000;94013509
The Color of Money;0090863;7.0;52293982;13800000;38493982
The Color Purple;0088939;7.8;146292009;15000000;131292009
The Man Who Understood Women;0053043;4.7;;;
Colossus: The Forbin Project;0064177;7.2;;;
The Comfort of Strangers;0099292;6.4;1244381;;
Como agua para chocolate;0103994;7.2;21665500;;
Compulsion;0052700;7.5;;;
Winstanley;0073911;7.3;;;
Bolshevism on Trial;0009950;5.9;;;
The Constant Nymph;0035751;7.0;;;
Cool Hand Luke;0061512;8.2;16217773;3000000;13217773
The Count of Monte Cristo;0245844;7.7;75395048;35000000;40395048
The Comedians;2980734;6.8;;;
Conagher;0101609;7.5;;;
Arsene Lupin;0006373;6.8;;;
Confessions d'un Barjo;0104003;5.8;;;
Congo;0112715;5.0;152022101;50000000;102022101
Novye priklyucheniya yanki pri dvore korolya Artura;0307245;7.3;;;
The Constant Gardener;0387131;7.5;;;
Contact;0118884;7.4;171120329;90000000;81120329
Cool Hand Luke;0061512;8.2;16217773;3000000;13217773
Cops and Robbers;4717208;;;;
Juan del Diablo;1637284;;;;
Coroner Creek;0040245;6.7;;;
The Cowboys;0068421;7.4;7500000;6000000;1500000
Earth;0393597;8.0;;;
Crash;0115964;6.4;3168660;9000000;-5831340
Creator;0088960;6.1;5349607;;
El crimen del Padre Amaro;0313196;6.8;5709616;1800000;3909616
Crossfire Trail;0218127;7.0;;;
Wo hu cang long;0190332;7.9;213525736;15000000;198525736
The Cruel Sea;0045659;7.7;;;
Cry_Wolf;0384286;5.9;15585495;1000000;14585495
Cutter's Way;0082220;6.9;;3000000;
The Six Million Dollar Man;0071054;7.2;;;
Skyfall;1074638;7.8;1108561013;200000000;908561013
Murder, She Wrote;0086765;6.8;;;
The Da Vinci Code;0382625;6.5;758239851;125000000;633239851
Dad;0097142;6.1;19738015;19000000;738015
Damage;0104237;6.9;7532911;;
Damnation Alley;0075909;5.2;8720000;17000000;-8280000
The Damned United;1226271;7.6;449558;10000000;-9550442
The Dancer Upstairs;0118926;7.0;5227348;;
Dances with Wolves;0099348;8.0;424200000;19000000;405200000
A Dandy in Aspic;0062859;6.2;;;
The Dangerous Lives of Altar Boys;0238924;7.1;1779284;12000000;-10220716
Daniel Deronda;0321897;7.4;;;
Danny, the Champion of the World;;;;;
Darby O'Gill and the Little People;0052722;7.2;;;
Limitless (2011);;;;;
The Seeker: The Dark is Rising;;;;;
The Mercenaries;0062863;7.0;;;
Dark Passage;0039302;7.6;;;
The Personal History, Adventures, Experience, & Observation of David Copperfield the Younger;0026266;7.6;;;
August 1;0237009;6.6;;;
The Day of the Locust;0072848;7.1;17793000;;
The Day of the Triffids;0055894;6.1;;750000;
When Time Ran Out (1980);;;;;
The Day They Robbed the Bank of England;0053752;6.6;;;
The Sacketts;0079840;7.8;;;
Dead Calm;0097162;6.8;7825009;;
Dressed to Kill;0080661;7.1;31899000;6500000;25399000
The Dead Zone;0085407;7.2;20766000;10000000;10766000
Deadline at Dawn;0038458;6.8;;;
Shuang xia;0069540;6.9;;;
Australian Rules (2002);;;;;
Dealing: Or the Berkeley-to-Boston Forty-Brick Lost-Bag Blues;0068455;6.2;;;
Dear John;0094447;6.9;;;
The End of the River;0039356;5.7;;;
Death on the Nile;0077413;7.2;14560084;;
Death Sentence (2007);;;;;
Death Wish;0071402;7.0;22000000;3000000;19000000
The Deceivers;0094979;6.0;346297;;
December Boys;0465436;6.6;46474;4000000;-3953526
The Deep;0075925;6.1;47346365;9000000;38346365
The Deep End of the Ocean;0120646;6.3;27655433;40000000;-12344567
Deliverance;0068473;7.8;46122355;2000000;44122355
Deluge;0023938;6.1;;171000;
Potop;0072021;7.9;;;
Demon Seed;0075931;6.3;;;
Vertigo;0052357;8.4;25000000;2479000;22521000
Derailed;0298296;3.9;;18000000;
Desert Fury;0039311;6.7;;;
Desert Gold;0027511;5.8;;;
Gold of the Seven Saints;0054934;6.4;;;
Desert Hearts;0089015;7.0;2492088;1250000;1242088
The Desperate Hours;0047985;7.6;;2388000;
Destry Rides Again;0031225;7.8;;;
The Detective;0062883;6.5;;;
Detective (2005);;;;;
The Devil Rides Out;0062885;7.1;;;
The Devil Wears Prada;0458352;6.8;326551094;35000000;291551094
Des Teufels Advokat;0078378;6.4;;;
The Devil's Advocate;0118971;7.5;152944660;57000000;95944660
The Witches;0060307;5.9;;;
The Possessed;0066703;8.4;;;
The Devils;0066993;7.8;;;
Le diable au corps;0038476;7.3;;;
The Kingfisher Caper;0073247;4.6;;;
Diamonds Are Forever;0066995;6.7;116000000;7200000;108800000
The Glory Guys;0059232;6.2;;;
The Dirty Dozen;0061578;7.8;45300000;;
Dirty Weekend;3194590;5.0;;;
Disappearing Acts (2000);;;;;
Disclosure;0109635;6.0;214015089;32000000;182015089
Scream and Scream Again;0064949;5.7;;;
Le mépris;0057345;7.7;528428;900000;-371572
A Distant Trumpet;0058019;6.4;;;
Divine Secrets of the Ya-Ya Sisterhood;0279778;5.9;73839240;27000000;46839240
Le Divorce (2003);;;;;
Blade Runner;0083658;8.2;32868943;28000000;4868943
Doctor at Large;0066648;7.4;;;
Half Moon Street;0091164;5.3;1131399;;
Doctor Zhivago;0059113;8.0;111721910;11000000;100721910
Dodsworth;0027532;8.1;;;
The Dogs of War;0080641;6.3;;;
Who'll Stop the Rain;0078490;6.9;;;
Don Quichotte;0231483;7.5;;;
Donovan's Brain;0045699;6.0;;;
Gas Food Lodging;;;;;
Don't Say a Word;0260866;6.3;100020092;50000000;50020092
Frankie Starlight;0113107;6.7;78168;;
Double Indemnity;0036775;8.4;;927262;
I Love Trouble;0110093;5.2;61947267;45000000;16947267
Down Will Come Baby;0191972;5.9;;;
Dracula;0103874;7.5;215862692;40000000;175862692
The Flight of Dragons;0083951;7.8;;;
Dragon Seed;0036777;6.2;;3000000;
Dragonlance: Dragons of Autumn Twilight;;;;;
The Reluctant Dragon;1473430;;;;
Dreamscape;0087175;6.3;11484000;;
Dreamcatcher;0285531;5.5;75715436;68000000;7715436
Drift Fence;0027551;5.6;;;
Dr. No;0055928;7.3;59600000;1100000;58500000
Drood;;;;;
The Drowning Pool;0072912;6.5;;;
Drums Along the Mohawk;0031252;7.2;;;
The Drums of Jeopardy;0021820;5.8;;;
The Dude Ranger;0025073;6.4;;;
Duel in the Sun;0038499;6.9;;8000000;
Children of Dune;0287839;7.7;;20000000;
Agit;0068181;7.1;;;
Dying Young;0101787;5.9;82264675;;
The Eagle Has Landed;0074452;6.9;;6000000;
The Eagle (2011);;;;;
East of Eden;0048028;8.0;;;
The 13th Warrior;0120657;6.6;32698899;85000000;-52301101
Eddie and the Cruisers;0085475;6.8;4786789;;
The Egyptian;0046949;6.6;;5000000;
The Seventh Scroll;0272836;6.1;;;
Election;0126886;7.3;14879556;8000000;6879556
Elephant Walk;0046951;6.3;3000000;3000000;0
Elles n'oublient jamais;0109721;5.6;;;
Ellis Island;0086705;7.0;;;
Elmer Gantry;0053793;7.9;11336000;3000000;8336000
Emma;1366312;8.2;;;
Emil and the Detectives;0058056;6.5;;;
Emotional Arithmetic;0861704;6.1;;6800000;
Empire of the Sun;0092965;7.8;66700000;35000000;31700000
Enchanted April;0101811;7.4;13200170;;
Wake Up and Dream;0039092;6.4;;;
The End of the Affair;0172396;7.2;10660147;23000000;-12339853
Endless Love;2318092;6.3;23393765;20000000;3393765
Enduring Love;0375735;6.4;358262;;
Enemies of Women;0014021;4.0;;;
The Enemy Below;0050356;7.6;;;
Enemy Mine;0089092;6.9;12303411;40000000;-27696589
The English Patient;0116209;7.4;231976425;27000000;204976425
Enigma (2001);;;;;
The Entity;0082334;6.6;13277558;;
Eragon;0449010;5.1;249488115;100000000;149488115
Escape;0032447;7.1;;;
Escape to Witch Mountain;0072951;6.3;;;
The Evening Star;0116240;5.8;12767815;;
Everybody's All-American;0095119;6.2;12638294;;
Everything Is Illuminated;0404030;7.5;1705595;7000000;-5294405
The Yellow Canary;0057700;7.2;;;
Evil Under the Sun;0083908;7.0;6110000;;
Cape Fear;0101540;7.3;182300000;35000000;147300000
Executive Suite;0046963;7.4;;;
Exit To Eden;;;;;
Exit Wounds;0242445;5.5;79958599;33000000;46958599
Exodus;0053804;6.8;21750000;4000000;17750000
The Exorcist;0070047;8.0;441306145;8000000;433306145
Experiment Perilous;0036807;6.4;;;
Extension du domaine de la lutte;0211359;6.9;;;
Extremely Loud & Incredibly Close;0477302;6.9;55247881;;
Mortelle randonnée;0084358;7.3;;;
Fanaa;0439662;7.2;2100110;;
Fahrenheit 451;0060390;7.3;;1500000;
Fail-Safe;0058083;8.0;;;
The Angel Wore Red;0053601;5.6;;;
The Fall of a Nation;0006664;5.1;;;
Angel Heart;0092563;7.3;17185632;17000000;185632
False Witness;1090903;5.6;;;
The One and Only, Genuine, Original Family Band;0063389;6.5;;;
The Partridge Family;0065333;6.5;;;
The Fan;0116277;5.8;18573791;55000000;-36426209
The Fan;0082362;5.7;;;
Fantastic Mr. Fox;0432283;7.8;46471023;40000000;6471023
Far from the Madding Crowd;2935476;7.1;12229314;;
Ba wang bie ji;0106332;8.1;5216888;;
A Farewell to Arms;0050379;5.9;25000000;4353000;20647000
Farewell to the King;0097334;6.3;2420917;20000000;-17579083
Face Is the Hunter;;;;;
Das Wunder des Malachias;0055183;7.6;;;
Gods and Monsters;0120684;7.5;6390032;3500000;2890032
Father's Little Dividend;0043526;6.6;;;
Taps;0083169;6.7;35856053;14000000;21856053
Fear and Loathing in Las Vegas;0120669;7.7;10680275;18500000;-7819725
Killer Elite;1448755;6.5;25093607;35000000;-9906393
The Lord of the Rings: The Fellowship of the Ring;0120737;8.8;871530324;93000000;778530324
Cet obscur objet du désir;0075824;8.0;55261;;
Femmes de personne;0085530;5.1;;;
Le feu follet;0057058;8.1;;;
Fever Pitch;0332047;6.2;42071069;30000000;12071069
The Raging Tide;0043957;6.3;;;
Fight Club;0137523;8.9;100853753;63000000;37853753
Fighting Caravans;0021861;5.8;;;
The Final Programme;0070289;5.7;;;
Fire on the Mountain;0082380;7.2;;;
Firefox;0083943;5.9;70687344;21000000;49687344
Firestarter;0087262;6.0;15100000;15000000;100000
The Firm;0106918;6.8;270248367;42000000;228248367
First Blood;0083944;7.7;125212904;14000000;111212904
Schmetterlinge;0096052;7.6;;;
Le voyage dans la lune;0000417;8.2;;;
The First Wives Club;0116313;6.2;181489203;26000000;155489203
The Five People You Meet in Heaven;0400435;7.4;;20000000;
Scandal;1837576;7.9;;;
Flaming Youth;0014045;6.9;;;
Flashpoint;1059475;7.7;;;
Fletch;0089155;6.9;59612888;;
Fletch Won;;;;;
Flight of the Intruder;0099587;5.7;14587732;35000000;-20412268
The Flight of the Phoenix;0059183;7.6;;;
Flowers in the Attic;3074694;6.1;;;
Flowing Gold;0032481;6.6;;;
Focus (2001);;;;;
The Food of the Gods;0074540;4.3;;;
Escape Me Never;0039357;5.9;;;
For Love of the Game;0126916;6.5;35168395;80000000;-44831605
For Whom the Bell Tolls;0035896;7.0;17800000;3000000;14800000
Forbidden Territory;0025131;6.5;;;
Force 10 from Navarone;0077572;6.3;7230000;5000000;2230000
Forever Amber;0039391;6.8;16000000;6000000;10000000
The Forever War;;;;;
Forlorn River;0028890;5.0;;;
The Formula;0080754;5.6;8894289;;
Forrest Gump;0109830;8.8;677945399;55000000;622945399
The Forsyte Saga;0260615;8.2;;;
The Fountainhead;0041386;7.1;;;
Four Feathers;0005353;6.5;;;
The Fourth Protocol;0093044;6.5;12423831;;
The Fox and the Hound;0082406;7.3;63456988;12000000;51456988
F.P.1 antwortet nicht;0022869;6.2;;;
The Adventures of Frank Merriwell;0027259;6.1;;;
Young Frankenstein;0072431;8.1;86300000;2800000;83500000
Frau im Mond;;;;;
Freaky Friday;0322330;6.1;160846332;26000000;134846332
Freedomland;0349467;5.1;12512886;37665000;-25152114
The French Lieutenant's Woman;0082416;7.0;22600000;;
Fried Green Tomatoes;0101921;7.6;119418501;11000000;108418501
Deadly Friend;0090917;5.4;8988731;;
Friendly Persuasion;0049233;7.5;8000000;3000000;5000000
From Here to Eternity;0045793;7.8;30500000;1650000;28850000
From Russia with Love;0057076;7.5;78900000;2000000;76900000
From the Earth to the Moon;0120570;8.9;;68000000;
From the Terrace;0053841;6.7;11336000;;
Funeral in Berlin;0060437;6.9;;;
Funny Farm;0095188;6.1;25537221;19000000;6537221
The Furies;0042490;7.4;;;
The Fury;0077588;6.4;24000000;5500000;18500000
The Fuzzy Pink Nightgown;0050422;5.7;;;
G@me;0431077;6.7;;;
Condorman;0082199;5.7;;;
The Garden of Allah;0027657;6.0;;2200000;
Return to the Blue Lagoon;0102782;5.0;2807854;11000000;-8192146
Gardens of Stone;0093073;6.4;5262047;;
The Gay Sisters;0034770;6.7;;;
Gentle Annie;0036859;6.3;;;
Gentlemen Prefer Blondes;0045810;7.3;12000000;;
Geordie;;;;;
Georgy Girl;0060453;6.9;;400000;
Get Shorty;0113161;6.9;115101622;30250000;84851622
The Getaway;0068638;7.5;58831997;3352254;55479743
The Ghost Writer (2010);;;;;
The Ghost and Mrs. Muir;0039420;7.9;;;
Giant;0049261;7.7;35000000;5400000;29600000
Gidget;0058806;6.8;;;
Gigi;0051658;6.9;;3319355;
The Gingerbread Man;0119196;5.7;1534569;25000000;-23465431
The Girl from Petrovka;0071554;5.4;;;
Toki o kakeru shôjo;0808506;7.9;;;
Girl with a Pearl Earring (2003);;;;;
Suburban Girl;0428579;5.5;;;
The Towering Inferno;0072308;6.9;139700000;14000000;125700000
Glitz;0095223;5.8;;;
The Best Years of Our Lives;0036868;8.2;;2100000;
Gnomes;0343727;7.8;;;
The Gnome-Mobile;0061715;6.5;;;
The Go-Between;4073696;7.1;;;
Follow Me, Boys!;0060420;7.2;;;
The Godfather;0068646;9.2;245066411;6000000;239066411
Gettysburg;0107007;7.7;10769960;25000000;-14230040
They Came from Beyond Space;0062360;4.5;;;
God's Little Acre;0051666;6.8;;;
Miami Vice;0086759;7.5;;1500000;
Gold;0071566;5.7;;;
The Golden Bowl;0200669;5.9;3037579;15000000;-11962421
Charley and the Angel;0069866;6.2;;;
Priklyucheniya Buratino;0073570;7.9;;;
Goldfinger;0058150;7.8;124900000;3000000;121900000
Gone with the Wind;0031381;8.2;400176459;3977000;396199459
The Good Earth;0028944;7.8;;2800000;
The Good German;0452624;6.1;5914908;32000000;-26085092
A Good Year (2006);;;;;
Frenzy;0068611;7.5;16000000;2000000;14000000
Goodbye, Mr. Chips;0031385;7.7;;;
Gorky Park;0085615;6.8;15900000;;
Grand Canary;0025196;7.3;;;
The Grapes of Wrath;0032551;8.1;;800000;
The Great Bank Robbery;0064391;5.5;;;
One of Our Dinosaurs Is Missing;0075016;6.0;;;
Great Expectations;1836808;6.4;258656;;
The Great Gatsby;1343092;7.3;351040419;105000000;246040419
The Great Man;0049280;7.1;;;
The Great Santini;0079239;7.2;4702575;;
The First Great Train Robbery;0079240;7.0;13027857;6000000;7027857
The Indians are Coming;;;;;
Green for Danger;0038577;7.6;;;
Green Mansions;0052864;5.6;;3000000;
The Green Mile;0120689;8.5;286801374;60000000;226801374
The Green Years;0038578;7.1;;;
The Greengage Summer;0055098;7.2;;;
Grendel Grendel Grendel;0082478;6.8;;;
The Grifters;0099703;7.0;13446769;;
L'Ours;;;;;
The Grotesque;0113224;5.5;;;
The Group;0060479;6.6;;;
De griezelbus;0436370;5.4;;;
War of the Buttons;0111666;7.5;12712;;
Les faussaires (2007);;;;;
Novyy Gulliver;0026793;6.8;;;
The Guns of Navarone;0054953;7.6;28900000;6000000;22900000
Guns of the Timberland;0053884;5.6;;;
The Gypsy Moths;0064397;6.4;;;
H.M. Pulham, Esq.;0033686;7.1;;;
Hababam Sınıfı;;;;;
WUSA;0066540;5.5;;4800000;
The Long, Hot Summer;0051878;7.5;;;
Hammers Over the Anvil;0101996;6.0;;;
The Handmaid's Tale;0099731;6.0;4960385;;
Hannibal (2001);;;;;
Happy Land;0035970;6.3;;;
Al Haram (1965);;;;;
The Harder They Fall;0049291;7.6;;;
Harry Black;;;;;
Harry Potter;;;;;
Harry Potter and the Sorcerer's Stone;0241527;7.5;974755371;125000000;849755371
Harry Potter and the Chamber of Secrets;0295297;7.4;878979634;100000000;778979634
Harry Potter and the Prisoner of Azkaban;0304141;7.8;796688549;130000000;666688549
Harry Potter and the Goblet of Fire;0330373;7.6;896911078;150000000;746911078
Harry Potter and the Order of the Phoenix;0373889;7.5;939885929;150000000;789885929
Harry Potter and the Half-Blood Prince;0417741;7.5;934416487;250000000;684416487
Harry Potter and the Deathly Hallows Part 1;;;;;
Hart's War;0251114;6.3;32286000;60000000;-27714000
Vozvrashchenie Vasiliya Bortnikova;0045301;6.3;;;
The Harvey Girls;0038589;7.1;;2524315;
Hating Alison Ashley;0402247;5.7;;;
Hatter's Castle;;;;;
Haunted Harbor;0036900;6.7;;170099;
The Haunting;0057129;7.6;2616000;1400000;1216000
Hawaii;0060491;6.5;34562222;15000000;19562222
Hawk of the Wilderness;0030219;7.5;;;
He Ran All the Way;0043625;7.0;;;
Header (2006);;;;;
Monte Carlo (2011);;;;;
The Heart of the Matter;0047066;7.2;;;
Xin yi tian tu long ji;0106181;8.4;;;
Heidi;0028988;7.3;;;
The Legend of Hell House;0070294;6.9;;;
Hellraiser;0093177;7.1;14564027;1000000;13564027
Heller in Pink Tights;0053902;6.0;;;
The Help (2011);;;;;
Heritage of the Desert;0022999;5.3;;;
The High and the Mighty;0047086;6.9;;;
High Fidelity;0146882;7.6;27277055;20000000;7277055
The History of Mr. Polly;0041469;6.7;;;
The History of Tom Jones, a Foundling;0123351;7.9;;;
A History of Violence;0399146;7.5;31493782;32000000;-506218
The Hitchhiker's Guide to the Galaxy;0371724;6.8;104478416;50000000;54478416
The Hobbit: An Unexpected Journey;0903624;7.9;1021103568;180000000;841103568
The Holcroft Covenant;0089283;5.7;393825;;
The Dreamers;0309987;7.2;14082883;;
Hombre;0061770;7.4;;;
Ghare Baire;;;;;
The Honorary Consul;0085236;5.7;5997566;11800000;-5802434
Hopalong Cassidy;0041030;8.0;;;
Horrid Henry: The Movie;1684555;3.7;;;
Hud;0057163;8.0;;2500000;
The Host (2013);;;;;
The Hot Rock;0068718;6.8;;;
The Hound of the Baskervilles;0031448;7.6;;;
The Shaggy D.A.;0075200;5.7;;;
The Hour Before the Dawn;0036930;5.8;;;
The Hours (2002);;;;;
How Green Was My Valley;0033729;7.8;6000000;1250000;4750000
Howards End;0104454;7.5;25967000;;
The Howling;0082533;6.6;17986000;1000000;16986000
The Human Stain;0308383;6.3;24863804;30000000;-5136196
The Belle of Broadway;0016639;7.0;;;
One Hundred and One Dalmatians;0055254;7.2;215880014;4000000;211880014
The Hunger Games;1392170;7.3;694394724;78000000;616394724
Vigo;0118801;6.3;;;
Mockingjay;;;;;
The Hunt for Red October;0099810;7.6;200512643;30000000;170512643
Point Blank;0062138;7.4;;3000000;
The Hustler;0054997;8.1;;2000000;
The Last Man on Earth;3230454;7.5;;;
I Am Number Four;1464540;6.1;149878437;50000000;99878437
I Know What You Did Last Summer;0119345;5.6;125586134;17000000;108586134
I Love You, Beth Cooper;1032815;5.3;14793904;18000000;-3206096
Ice Station Zebra;0063121;6.6;;8000000;
The Lady from Shanghai;0040525;7.7;7927;2300000;-2292073
The Ipcress File;0059319;7.3;;;
The Illustrated Man;0064473;6.0;;;
All Quiet on the Western Front;0020629;8.1;3270000;1448864;1821136
Imagining Argentina;0314197;6.3;;;
Freejack;0104299;5.3;17129000;30000000;-12871000
Cynara;0022796;7.2;;;
In Country;0097570;5.9;3531971;18000000;-14468029
The Incredible Journey;0057180;7.1;;;
Incubus;0084133;5.1;;;
A Man Called Horse;0066049;6.9;;;
The Innocent;0106185;5.7;553454;;
V poiskakh kapitana Granta;0088635;8.3;;;
My Reputation;0038765;7.0;;;
Interview with the Vampire: The Vampire Chronicles;0110148;7.6;223664608;60000000;163664608
Kojak: The Price of Justice;0091353;7.1;;;
The Invisible Man;0024184;7.7;;;
In the Heat of the Night;0094484;7.4;;;
In This House of Brede;0073160;8.0;;;
The Iron Giant;0129167;8.0;80000000;48000000;32000000
The Iron Horse;0015016;7.3;;;
The Island;0399201;6.9;162949164;126000000;36949164
Island in the Sky;0045919;7.0;;967000;
Island of Lost Souls;0024188;7.6;;;
Islands in the Stream;0076211;6.6;;;
It;0099864;6.9;;;
Shadow of the Land;;;;;
Ivanhoe;0044760;6.9;24729920;3842000;20887920
Book of Love;0099166;6.0;1382259;;
Hit Man;0068704;5.7;;;
James and the Giant Peach;0116683;6.7;28934758;38000000;-9065242
Shanti Nilayam;0390476;7.8;;;
Jassy;0039509;6.4;;;
Jaws;0073195;8.1;470653000;8000000;462653000
La femme du boulanger;0030127;7.6;;;
Blood from the Mummy's Tomb;0068290;5.8;;;
Pocket Money;0069103;5.5;;2700000;
Jimmy the Kid;0120717;5.1;;;
D-Tox;0160184;5.2;6416302;55000000;-48583698
Johnny Tremain;0050567;6.6;;;
Josepha;0084176;6.0;;;
Journal d'un curé de campagne;0042619;8.0;;;
Treasure of Matecumbe;0075347;6.3;;;
Journey to Shiloh;0063161;5.7;;;
Da nao tian gong;0059855;8.2;;;
The Joy Luck Club;0107282;7.6;32861136;11000000;21861136
Jude the Obscure;0066674;7.6;;;
Made in U.S.A;0060647;6.5;81105;50000;31105
Jumanji;0113497;6.9;262797249;50000000;212797249
Maugli;0217590;7.8;;;
Shining Victory;0034184;7.5;;;
Jurassic Park;0107290;8.1;1029153882;63000000;966153882
The Jungle;0004182;7.0;;17000;
Justine;0064526;5.7;;;
Shin kaitei gunkan;0114425;6.2;;;
Kami no tsuki;3560492;7.1;;;
Kenka erejî;0060586;7.4;;;
The Keys of the Kingdom;0036983;7.5;;3000000;
Ai-Fak;0414808;6.9;;;
Secuestrados;1629377;6.4;869024;;
Quest for Camelot;0120800;6.2;22717758;40000000;-17282242
Watusi;0053436;5.8;;;
Tengoku to jigoku;0057565;8.4;;;
Kings Go Forth;0051819;6.6;;;
Kings Row;0034946;7.7;;;
Gettysburg;0107007;7.7;10769960;25000000;-14230040
The Killer Inside Me;0954947;6.1;214966;13000000;-12785034
Half a Sixpence;0061742;6.4;;;
Kirishima, bukatsu yamerutteyo;2142797;7.6;;;
Kiss of the Spider Woman;0089424;7.4;17037728;;
Kiss the Girls;0119468;6.6;60527873;27000000;33527873
Kiss Tomorrow Goodbye;0042648;7.2;;;
Klansman;0071721;4.9;;5000000;
The Night Stalker;0067490;7.8;;450000;
Chinese Box;0118851;6.3;2195190;;
Black Rain;0096933;6.6;134212055;30000000;104212055
L.A. Confidential;0119488;8.3;126216940;35000000;91216940
Lad, A Dog;;;;;
Lady Audley's Secret;0228502;6.3;;;
Lady L;0059377;5.6;;;
Camille;0028683;7.6;1688000;1486000;202000
The Lair of the White Worm;0095488;5.8;1189315;2500000;-1310685
Cordelia;1776136;;;;
The Land That Time Forgot;0073260;5.7;;;
Lassie Come Home;0036098;7.2;;;
Gli ultimi giorni di Pompei;0054422;5.7;;;
The Last Detail;0070290;7.6;;;
The Last Hunt;0049432;7.0;;;
Last of the Duanes;0033817;6.3;;;
The Last of the Mohicans;0104691;7.8;75505856;40000000;35505856
The Last Picture Show;0067328;8.1;29133000;1300000;27833000
The Missing;3877200;8.1;;;
The Last Song;1294226;5.8;89041656;20000000;69041656
Apache Territory;0051369;5.6;;;
Last Stand at Saber River;0119501;7.0;;;
The Last Unicorn;0084237;7.5;6455530;;
The Late George Apley;0039556;7.1;;;
Glory;0097441;7.9;26830000;18000000;8830000
Layer Cake;0375912;7.4;;;
Laura;0037008;8.1;;;
Law & Order;0098844;7.7;;;
Border Shootout;0097720;4.5;;;
The Quiet Gun;0050874;6.4;;;
Lawyer Man;0023125;6.6;;;
Lovin' Molly;0071780;6.0;;;
Get Christie Love!;0070990;6.1;;;
Left Behind II: Tribulation Force;0283644;5.2;;3800000;
The Exorcist III;0099528;6.3;39024251;;
Lemonade Mouth;1648204;7.0;;;
Il gattopardo;0057091;8.1;;;
Less Than Zero;0093407;6.3;12396383;;
Låt den rätte komma in;1139797;8.0;7282007;4000000;3282007
A Letter to Three Wives;0041587;7.9;;;
How Do I Love Thee?;0065859;4.4;;;
Dangerous Liaisons;0094947;7.7;34700000;14000000;20700000
La vie devant soi;0076348;7.3;;;
Life of Pi (film);;;;;
The Lincoln Lawyer;1189340;7.3;87145086;40000000;47145086
A Lion Is in the Streets;0046002;6.3;;;
Little Dorrit;1178522;8.3;;;
The Hand;0082497;5.4;;;
Eine Liebe in Deutschland;0085843;6.8;;;
A Cock and Bull Story;;;;;
The Light in the Forest;0051864;6.7;;;
The Light of Western Stars;0032706;5.7;;;
The Work and the Glory: American Zion;;;;;
Little Caesar;0021079;7.4;;;
The Little Drummer Girl;0087629;6.1;7828841;;
The Secret of Moonacre;0396707;6.2;;12000000;
Live and Let Die;0070328;6.8;126377836;7000000;119377836
Head On;0138487;6.6;378667;;
The Legend of Lobo;0056173;7.1;;;
Logan's Run;0074812;6.8;25000000;9000000;16000000
Lolita;0119558;6.9;1060056;58000000;-56939944
Lone Star Ranger;0034994;5.4;;;
The Long Goodbye;0070334;7.7;959000;;
Charley Varrick;0069865;7.5;;;
Lord Jim;0059399;6.9;;;
Lord of the Flies;0100054;6.4;13985225;;
The Lord of the Rings: The Return of the King;0167260;8.9;1119929521;94000000;1025929521
The Lords of Discipline;0085867;6.6;11787127;;
Lost Horizon;0029162;7.8;;4000000;
The Island at the Top of the World;0071671;6.3;;;
The Lost Symbol;;;;;
The Lost World;0240278;7.3;;;
The Lost World: Jurassic Park;0119567;6.5;618638999;73000000;545638999
Letha Manasulu;0234094;8.4;;;
The Loved One;0059410;7.3;;;
Love Story;0066011;6.9;136400000;2200000;134200000
The Lovely Bones;0380510;6.7;93621340;65000000;28621340
Barry Lyndon;0072684;8.1;31500000;11000000;20500000
The Lucky One;1327194;6.5;99357138;25000000;74357138
Bitter Moon;0104779;7.1;1862805;5000000;-3137195
The Lusty Men;0044860;7.6;;;
Mackenna's Gold;0064615;6.8;;7000000;
Mrs. Doubtfire;0107614;6.9;441286195;25000000;416286195
The Maddening;0113732;4.7;;;
Bedknobs and Broomsticks;0066817;7.0;18530000;20000000;-1470000
Ansiktet;0051365;7.8;;;
Magnificent Obsession;0047203;7.1;;;
The Adventures of Martin Eden;0034431;6.5;;;
Soylent Green;0070723;7.1;;;
The Maltese Falcon;0033870;8.2;1772000;375000;1397000
Un hombre llamado Noon;0068870;5.3;;;
Rough Night in Jericho;0062218;6.4;;;
The Man in the Gray Flannel Suit;0049474;7.2;10875000;;
Man on Fire;0328107;7.7;130293714;70000000;60293714
The Man Who Fell to Earth;0074851;6.7;100072;;
The Man Who Never Was;0049471;7.5;;;
The Man with the Golden Gun;0071807;6.8;97600000;13000000;84600000
The Man Without a Face;0107501;6.7;24760338;;
Man Without a Star;0048340;7.0;;;
The Manchurian Candidate;0368008;6.6;65948711;80000000;-14051289
Manon des sources;0091480;8.0;3940542;;
Marnie;0058329;7.2;7000000;3000000;4000000
Mary Poppins;0058331;7.8;115272727;6000000;109272727
M*A*S*H;0068098;8.4;;;
Marathon Man;0074860;7.5;21709020;;
The Matarese Circle;;;;;
Matilda;0117008;6.8;33084249;36000000;-2915751
Maurice;0093512;7.8;3130592;2600000;530592
The Mayor of Casterbridge;0077052;8.4;;;
Greed;0015881;7.9;;546883;
The Medusa Touch;0077921;7.1;;;
Cleopatra;0056937;7.0;71777778;31115000;40662778
The Mephisto Waltz;0067419;6.0;;;
Mercy Island;0033906;5.5;;;
Make Me a Star;0023175;6.6;;;
Message in a Bottle;0139462;6.1;118880016;80000000;38880016
Tony Rome;0062380;6.5;;;
So Dear to My Heart;0041890;7.3;;;
A Midnight Clear;0102443;7.2;1526697;5000000;-3473303
Children of the Damned;0056931;6.2;;;
Mildred Pierce;1492030;7.7;;;
Millennium;0097883;5.7;5777099;;
The Girl with the Dragon Tattoo (2009);;;;;
Flickan som lekte med elden;1216487;7.1;;;
Luftslottet som sprängdes;1343097;7.3;;;
Innocence;0251141;7.4;2194919;;
The Mirror Crack'd;0081163;6.2;;;
Los Miserables;3904944;8.1;;;
Misery;0100157;7.8;61276872;20000000;41276872
Lonelyhearts;0053017;6.7;;;
Tom and Jerry;0008688;7.9;;;
Moderato cantabile;0054091;6.9;;;
The Molly Maguires;0066090;6.9;;11000000;
The Killer Elite;0073240;6.0;1000000;;
The Navy vs. the Night Monsters;0060741;2.8;;178000;
Branded;1368440;4.7;353468;;
The Moon and Sixpence;0035078;6.8;;401000;
Moonraker;0079574;6.3;210308099;34000000;176308099
The Moon-Spinners;0058371;6.9;;;
The Moonstone;0117080;6.8;;;
The Mortal Instruments: City of Bones;1538403;6.0;90565421;60000000;30565421
Torchwood;0485301;7.8;;;
The Mosquito Coast;0091557;6.6;14302779;25000000;-10697221
Summer Magic;0057542;7.1;;;
Mother Night;0117093;7.2;392362;6000000;-5607638
Brave New Girl;0403118;5.0;;;
Harper;0060490;7.0;;3500000;
Mr. Hobbs Takes a Vacation;0056255;6.9;;2000000;
The Incredible Mr. Limpet;0058230;6.4;;;
Mr. Winkle Goes to War;0037095;6.8;;;
The Secret of NIMH;0084649;7.6;14665733;7000000;7665733
Murder Most Foul;0058383;7.2;;;
Wild River;0054476;7.7;;;
La mujer de mi hermano;0463345;6.3;2804642;;
The Professionals;0060862;7.4;19537346;;
Amityville II: The Possession;0083550;5.4;12534817;;
Murder on the Orient Express;0071877;7.3;35733867;;
Murphy's Romance;0089643;6.9;30762621;13000000;17762621
Bullitt;0062765;7.5;42300873;5500000;36800873
My Antonia;0113892;6.7;;;
The Happiest Millionaire;0061749;6.9;;;
Green Grass of Wyoming;0040402;6.4;;;
Abdulla the Great;0048922;4.3;;;
Cowboy;0051496;6.8;;;
The Mystery of Edwin Drood;1991897;6.7;;;
20,000 Leagues Under the Sea;0046672;7.2;28200000;5000000;23200000
Mystic River;0327056;8.0;156822020;30000000;126822020
Der Name der Rose;0091605;7.8;;;
The Naked and the Dead;0051978;6.5;;;
The Naked Country;0087776;5.3;;;
The Naked Face;0087777;5.4;;;
Naked Lunch;0102511;7.1;2541541;16000000;-13458459
The Guardian;0099710;5.3;17037887;;
The Nanny Diaries;0489237;6.2;25925170;20000000;5925170
The Natural;0087781;7.5;47951979;28000000;19951979
National Velvet;0037120;7.4;;;
The Night Digger;0067486;6.3;;;
Fair Lady;0013110;;;;
Yellow Sky;0040978;7.6;5600000;;
Never Cry Wolf;0086005;7.6;29600000;;
Die unendliche Geschichte;0088323;7.4;100000000;27000000;73000000
The Life and Adventures of Nicholas Nickleby;0253312;7.7;;;
Hemingway's Adventures of a Young Man;0056063;6.5;;;
Night and the City;0042788;8.0;;;
Night Has a Thousand Eyes;0040643;7.1;;;
The Night of the Generals;0062038;7.4;;;
The Night of the Hunter;0048424;8.1;;795000;
The Night of the Iguana;0058404;7.8;12000000;3000000;9000000
L'homme que j'aime;0173906;7.4;;;
Night Watch (2004);;;;;
Nightmare;0049553;6.4;;;
Nightmare Alley;0039661;7.8;;;
Nights in Rodanthe;0956038;6.0;41840908;;
Nightwing;0079631;4.6;;;
Nine 1/2 Weeks;0091635;5.9;6734844;17000000;-10265156
Nineteen Eighty-Four;0087803;7.2;;;
The Ninth Configuration;0081237;7.2;;;
No Country for Old Men;0477348;8.1;171627166;25000000;146627166
No Down Payment;0050771;7.3;;;
The Grissom Gang;0067162;6.9;;;
No se lo Digas a Nadie;;;;;
The Ultimate Warrior;0073835;5.8;;;
Tashunga;;;;;
The Golden Compass (2007);;;;;
'Northwest Passage' (Book I -- Rogers' Rangers);0032851;7.1;3150000;2677762;472238
Nostromo;0115296;7.1;;;
The Notebook (2004);;;;;
Die Hard;0095016;8.2;140767956;28000000;112767956
Nanny McPhee;0396752;6.6;122489822;25000000;97489822
Odd Man Out;0039677;7.8;;;
Odds Against Tomorrow;0053133;7.4;;;
O Brother, Where Art Thou?;0190590;7.8;45506619;26000000;19506619
Audition (1999);;;;;
Of Human Bondage;0025586;7.3;;;
Of Mice and Men;0105046;7.6;5101632;;
There Will Be Blood;0469494;8.1;40218903;25000000;15218903
The Old Curiosity Shop;1023343;6.6;;;
The Old Man and the Sea;0052027;7.0;;5000000;
Old Yeller;0050798;7.3;21909000;;
Oliver Twist;0040662;7.8;;;
Oliver's Story;0078024;4.4;;;
La planète sauvage;0070544;7.8;;;
On Her Majesty's Secret Service;0064757;6.8;87400000;7000000;80400000
Pirates of the Caribbean: On Stranger Tides;1298650;6.7;1045713802;250000000;795713802
One Flew Over the Cuckoo's Nest;0073486;8.7;112000000;4400000;107600000
One for the Money;1598828;5.3;36893721;40000000;-3106279
Glory;0097441;7.9;26830000;18000000;8830000
Gostya iz budushchego;0086723;8.4;;;
One More Spring;0026822;6.7;;;
Jack Reacher;0790724;7.0;218340595;57000000;161340595
The Thief of Bagdad;0033152;7.6;;;
The Onion Field;0079668;7.0;9890597;2000000;7890597
Open Range;0316356;7.5;68296293;22000000;46296293
Experiment in Terror;0055972;7.3;;;
Ordinary People;0081283;7.8;54766923;6000000;48766923
Orlando;0107756;7.2;5289772;4000000;1289772
The Osterman Weekend;0086058;5.9;6486797;;
The Other Boleyn Girl;0467200;6.7;26814957;35000000;-8185043
Back from the Dead;0050157;5.2;;;
The Other Side of Midnight;0076507;6.1;24652021;;
Our Girl Friday;0048458;6.0;;;
Our Man in Havana;0054152;7.3;;;
Out of Sight;0120780;7.1;37339525;48000000;-10660475
An Outcast of the Islands;;;;;
The Outsiders;0086066;7.2;25600000;10000000;15600000
One More River;0025600;6.9;;;
The Ox-Bow Incident;0036244;8.1;;;
The Beguiled;0066819;7.1;;;
A Painted House;0362001;6.6;;;
The Painted Veil;0446755;7.5;26522838;19400000;7122838
Pan Wolodyjowski;0064785;7.3;;;
Parineeta;0437407;7.4;802758;;
Paris Blues;0055278;6.7;;;
Elementarteilchen;0430051;6.7;;;
Four Faces West;0040370;7.0;;;
A Passage to India;0087892;7.4;27187653;16000000;11187653
Patriot Games;0105112;6.9;178000000;42000000;136000000
The Peacock Spring;0114106;8.3;;;
The Pelican Brief;0107798;6.5;195268056;45000000;150268056
No Escape;0110678;6.0;15340000;20000000;-4660000
The People That Time Forgot;0076535;5.3;;;
Percy Jackson & the Olympians: The Lightning Thief;0814255;5.9;226497209;95000000;131497209
Perfect Little Angels;0171612;5.6;;;
Pet Sematary;0098084;6.6;57469179;11500000;45969179
Finding Neverland;0308644;7.8;116766556;25000000;91766556
Peyton Place;0050839;7.2;25600000;;
Juarez;0031516;7.3;;;
Phantom Lady;0036260;7.4;;;
The Phantom of the Opera;0293508;7.4;154648887;70000000;84648887
Faraon;0060401;7.5;;;
The Young Philadelphians;0053462;7.4;;;
The Pianist;0253474;8.5;120072577;35000000;85072577
The Pickwick Papers;0045030;7.1;;;
The Picture of Dorian Gray;0037988;7.6;;3500000;
The Work and the Glory;0410454;6.9;3347647;7500000;-4152353
Pin;0095871;6.7;;;
Follow That Dream;0055992;6.6;;;
The Pirates! In an Adventure with Scientists;;;;;
Love Letters;0037885;7.4;;;
Planet of the Apes;0063442;8.0;33395426;5800000;27595426
The Girls of Pleasure Island;0045819;6.6;;;
Les amants;0052556;7.3;;;
The Polar Express;0338348;6.6;307514317;165000000;142514317
Poly;0167691;8.5;;;
The Bridge on the River Kwai;0050212;8.2;44908000;3000000;41908000
Poodle Springs;0145400;6.0;;;
The Pope of Greenwich Village;0087932;6.7;6836201;8000000;-1163799
Popioi i diament;;;;;
Portnoy's Complaint;0069112;4.9;;;
Portrait of Jennie;0040705;7.8;;4041000;
The Poseidon Adventure;0069113;7.1;84563118;5000000;79563118
Bicentennial Man;0182789;6.8;93700000;100000000;-6300000
Possession (2002);;;;;
The Postman;0119925;5.9;17626234;80000000;-62373766
Ossessione;0035160;7.8;;;
The Power;0063452;6.1;;;
The Fugitive;0039402;6.5;;;
The Power of One;0105159;7.2;2827107;;
Pozegnania;0052083;7.2;;;
Presumed Innocent;0100404;6.9;221300000;;
Pride and Prejudice;0112130;9.1;;;
Princ a chudas;0344231;8.3;;;
The Prince of Tides;0102713;6.6;74787599;30000000;44787599
The Princess Bride;0093779;8.1;30857814;16000000;14857814
The Princess Diaries;0247638;6.2;165335153;37000000;128335153
John Carter;0401729;6.6;284139100;263700000;20439100
The Prisoner of Zenda;0079753;4.9;2425315;12500000;-10074685
Promise at Dawn;0066251;7.1;;;
Pronto;0119957;5.7;;;
Der blaue Engel;0020697;7.8;77982;;
Psycho;0054215;8.5;50000000;806947;49193053
Psycho II;0086154;6.4;34725000;5000000;29725000
The Puppet Masters;0111003;5.8;8638072;;
The World, the Flesh and the Devil;0053454;7.0;;;
Dirty Mary, Crazy Larry;;;;;
Q and A;3561842;;;;
QB VII;0071039;7.9;;;
Queen of the Damned;0238546;5.2;45479110;35000000;10479110
Quentin Durward;0048528;6.4;2175000;2470000;-295000
The Quick and the Dead;0114214;6.4;18636537;32000000;-13363463
The Quiet American;0258068;7.1;12987647;30000000;-17012353
Radio Free Albemuth;1129396;5.8;5553;3600000;-3594447
Ragtime;0082970;7.3;21015710;;
Ramrod;0039750;6.9;;2000000;
The Arizona Raiders;0027308;5.2;;;
Rain (2006);;;;;
Family Plot;0074512;6.8;13200000;4490375;8709625
The Rainbow;0098165;6.3;444055;;
The Rainbow Trail;0023370;5.1;;;
The Rainmaker;0119978;7.1;45856732;40000000;5856732
Raise the Titanic;0081400;4.6;7000000;36000000;-29000000
Random Hearts;0156934;5.0;74160911;64000000;10160911
Rascal;0064875;6.6;;;
Willard;0310357;6.1;8546666;22000000;-13453334
The Razor's Edge;0087980;6.6;6551987;13000000;-6448013
The Reader;0976051;7.6;34194407;32000000;2194407
Rebecca;0032976;8.2;;1288000;
The Outlaw Josey Wales;0075029;7.9;38000000;3700000;34300000
Dr. Strangelove or: How I Learned to Stop Worrying and Love the Bomb;0057012;8.5;9440272;1800000;7640272
Manhunter;0091474;7.2;8620929;15000000;-6379071
The Fighting Prince of Donegal;0060408;6.3;;;
The Red Pony;0041792;6.4;;;
The Red Rider;0025706;6.4;;;
Reflections in a Golden Eye;0062185;7.0;;4500000;
The Reincarnation of Peter Proud;0073615;6.5;;;
The Reivers;0064886;6.9;;;
The Remains of the Day;0107943;7.9;22954968;11500000;11454968
Sette orchidee macchiate di rosso;0067696;6.5;;;
The Rescuers;0076618;6.9;71215869;1200000;70015869
Yang guo yu xiao long nu;0084256;6.4;;;
The Lord of the Rings: The Return of the King;0167260;8.9;1119929521;94000000;1025929521
The Return of the Living Dead;0089907;7.3;14237000;4000000;10237000
The Return of the Native;0110977;6.4;;;
The Return of the Soldier;0084590;6.9;;;
Return to Paradise;0124595;6.9;8288513;;
Return to Peyton Place;0055370;5.8;;;
Reuben, Reuben;0084591;6.9;;;
Scarlet Dawn;0022308;5.9;;;
The Revolt of Mamie Stover;0049672;6.6;;;
Revolutionary Road;0959337;7.3;75225693;35000000;40225693
The Riddle of the Sands;0079808;6.4;;;
Riders of the Purple Sage;0117476;6.6;;;
Ripley Under Ground;0219171;6.1;;;
Ripley's Game;0265651;6.7;;30000000;
Rising Sun;0107969;6.2;107198790;;
The River;0043972;7.6;;;
Riverworld;1419950;4.9;;;
Les rivieres pourpres;;;;;
The Road (2009);;;;;
The Road Back;0029491;7.0;;;
Rob Roy;0114287;6.9;31600000;28000000;3600000
The Robe;0046247;6.8;36000000;5000000;31000000
Crusoe;1117552;6.9;;35000000;
Rogue Cop;0047424;6.8;;;
The Romance of Rosy Ridge;0039783;6.9;;2000000;
A Room with a View;0091867;7.4;20966644;3000000;17966644
The Roots of Heaven;0052148;6.6;;4500000;
Rosemary's Baby;0063522;8.0;33395426;2300000;31095426
L'avventuriero;0061377;7.1;;;
The Rules of Attraction;0292644;6.8;11805917;4000000;7805917
Jackie Brown;0119396;7.5;74727492;12000000;62727492
Runaway Jury;0313542;7.1;67338219;60000000;7338219
Cobra;0090859;5.6;160000000;25000000;135000000
The Running Man;0093894;6.6;38122105;27000000;11122105
The Russia House;0100530;6.1;22998000;;
Melody Time;0040580;6.5;;;
Sahara;0318649;6.0;119269486;130000000;-10730514
The Sailor Who Fell from Grace with the Sea;0075161;6.2;;;
Saint Jack;0079843;7.1;;1000000;
Law and Order;0023121;6.9;;;
The Salamander;0083024;6.0;;;
Salem's Lot;0079844;6.8;;4000000;
Salmon Fishing in the Yemen;1441952;6.8;9025107;;
The Great Macarthy;;;;;
The Story of Temple Drake;0024617;7.2;;;
The Sand Pebbles;0060934;7.7;30017647;12000000;18017647
Sangre y arena;0098251;4.6;;;
The Satan Bug;0059678;6.1;;;
Save the Tiger;0070640;6.9;;;
Sayonara;0050933;7.3;26300000;;
A Scanner Darkly;0405296;7.1;7659918;8500000;-840082
Scarface;0086250;8.3;65884703;25000000;40884703
Juhong geulshi;0427411;6.8;;;
The Scarlet Pimpernel;0084637;7.7;;;
The Searchers;0049730;8.0;;3750000;
Schindler's List;0108052;8.9;321306305;22000000;299306305
L'uccello dalle piume di cristallo;0065143;7.2;;500000;
Lyftet;0077881;7.4;;;
The Sea Hawk;0033028;7.8;;1700000;
Sea Wolf;1215482;6.5;;19000000;
The Second Victory;0091914;6.1;;;
Sabotage;0028212;7.1;;;
Confessions of a Shopaholic;1093908;5.8;108333222;;
The Secret Life of Bees;0416212;7.3;39947322;11000000;28947322
The Barrens;2050633;4.6;;;
Sense and Sensibility;0114388;7.7;135000000;16500000;118500000
The Black Windmill;0071229;6.3;;;
The Seven-Per-Cent Solution;0075194;6.8;;;
Body Count;0120186;5.5;;;
A Severa;0022365;5.4;;;
Smuga cienia;0075238;6.5;;;
The Shadow Riders;0084666;6.8;;;
Shaft;0162650;5.9;107196498;46000000;61196498
Shaft's Big Score;;;;;
Shalako;0063592;5.5;;1455000;
Things to Come;0028358;6.8;;;
S+H+E: Security Hazards Expert;0081447;5.0;;;
Se diu ying hung ji dung sing sai jau;0108074;7.3;;;
True to the Army;0035474;6.5;;;
The Dark (2005);;;;;
Mang jing;0351299;7.6;33272;;
Young and Innocent;0029811;7.0;;;
The Shining;0081505;8.4;44017374;19000000;25017374
Shining Through;0105391;6.3;43938238;;
The Shipping News;0120824;6.8;24690441;35000000;-10309559
The Incredible Shrinking Man;0050539;7.7;;750000;
The Shoes of the Fisherman;;;;;
Field of Dreams;0097351;7.6;84431625;;
The Shootist;0075213;7.7;13406138;;
Shout at the Devil;0075214;6.2;;;
Shutter Island;1130884;8.1;294804195;80000000;214804195
Sideways;0375063;7.6;109706931;12000000;97706931
Straw Dogs;0999913;5.8;10324441;25000000;-14675559
The Silence of the Lambs;0102926;8.6;272742922;19000000;253742922
The Singer Not the Song;0054740;6.3;;;
Le dernier vol;1234542;5.5;;24000000;
A Simple Plan;0120324;7.5;16311763;17000000;-688237
Mercury Rising;0120749;6.1;93107289;60000000;33107289
Carrie;0044486;7.5;;;
The Sisterhood of the Traveling Pants;0403508;6.6;42013878;25000000;17013878
Three Days of the Condor;0073802;7.5;41509797;;
Six Weeks;0084691;5.6;6668025;;
Skinwalkers;0461703;4.6;1018965;;
Christmas with the Kranks;0388419;5.2;96572480;60000000;36572480
Skyscraper Souls;0023486;7.2;;;
Slaughterhouse-Five;0069280;7.0;;3200000;
Slayground;0088135;4.6;154469;;
Sleeping with the Enemy;0102945;6.1;174999005;19000000;155999005
Sliver;0108162;4.9;116300000;40000000;76300000
Nacktschnecken;0395216;6.1;;;
Spenser: Small Vices;0181837;6.3;;;
The Night of the Following Day;0064728;6.2;;;
Snow Angels;0450151;;;;
So Red the Rose;0027018;6.7;;;
Solyaris;0069293;8.1;;;
Laser Mission;0099978;3.4;;;
A Soldier's Daughter Never Cries;0120835;6.9;1759596;;
Something Wicked This Way Comes;0086336;6.8;8400000;19000000;-10600000
The Song of Bernadette;0036377;7.7;;2000000;
Sons and Lovers;0054326;7.3;;500000;
S.O.S. Noronha;0143848;5.5;;;
Soursweet;0096146;7.3;;;
Sorstalanság;0367082;7.1;;;
The Sound and the Fury;3026144;5.1;;;
Space;0088611;7.3;;;
Lifeforce;0089489;6.1;11603545;25000000;-13396455
The Spanish Gardener;0049787;6.8;;;
Spartacus;0054331;7.9;60000000;12000000;48000000
Sphere;0120184;6.0;37020277;75000000;-37979723
Spider (2002);;;;;
The Spiderwick Chronicles;0416236;6.6;162839667;90000000;72839667
Spirale;0094016;4.7;;;
Split Images;0105458;5.2;;;
The Spoilers;0035369;6.8;;;
The Spook Who Sat by the Door;0070726;7.2;;;
Ride a Wild Pony;0075141;6.3;;;
Spy Story;0075259;5.9;;;
The Spy Who Came in from the Cold;0059749;7.7;;;
The Spy Who Loved Me;0076752;7.1;185400000;14000000;171400000
Stairs of Sand;0020448;6.3;;;
The Stalking Moon;0065032;6.8;;;
The Stand;0108941;7.3;;28000000;
Apache Drums;0043291;6.1;;;
;;;;;
Stardust (2007);;;;;
Moon Pilot;0056249;5.6;;;
The Second Time Around;4941354;;;;
Stars In My Crown;;;;;
The Stars Look Down;0031976;7.2;;;
Starship Troopers;0120201;7.2;121214377;100000000;21214377
Station West;0040835;6.7;;;
The Stepford Children;0094036;5.3;;;
Stella;1864017;8.0;;;
Stir of Echoes;0164181;7.0;21133087;12000000;9133087
The Turning Point;0076843;6.9;33600000;;
Jekyll;0497298;8.2;;;
A Stranger Came Home;;;;;
A Stranger Is Watching;0084735;5.1;;;
Strangers on a Train;0044079;8.1;;1200000;
The Stranger's Return;0024620;7.0;;;
The Street Lawyer;0362375;7.5;;;
Striptease;0117765;4.3;113309743;40000000;73309743
Stuart Little;0164912;5.9;300135367;133000000;167135367
The Stud;0078333;3.2;;1000000;
Vertigo;0052357;8.4;25000000;2479000;22521000
The Favorite;0097341;4.5;;;
The Sum of All Fears;0164184;6.4;193921372;68000000;125921372
Summer Pass;;;;;
The Sun Also Rises;0051028;6.3;;;
The Swarm;0078350;4.3;10000000;21000000;-11000000
Swiss Family Robinson;0054357;7.2;40356000;;
The Sword in the Stone;0057546;7.2;22182353;;
Taggart;0088621;7.3;;;
Noble House;0094521;7.8;;;
Enchantment;0040321;7.2;;;
The Taking of Pelham One Two Three;0072251;7.7;;;
A Tale of Two Cities;0027075;7.9;;;
South Pacific;0052225;7.0;36800000;6000000;30800000
The Talented Mr. Ripley;0134119;7.3;128798265;40000000;88798265
The Tall Men;0048691;6.7;12000000;;
Al-Tareeq al-Masdood;;;;;
Tarzan and His Mate;0025862;7.6;;1279142;
Telefon;0076804;6.6;;;
Gun Fury;0045846;6.0;;;
Tender Loving Care;0072265;3.9;;25000;
The Terminal Man;0072267;5.8;;;
Terms of Endearment;0086425;7.4;108423489;8000000;100423489
The Convent;0217331;5.0;;;
Tess;0080009;7.3;20093330;12000000;8093330
The Tesseract;0374273;5.5;;;
Tex;0084783;6.6;7000536;;
Texas;0108316;6.2;;12000000;
Texasville;0103069;6.0;2268181;;
Teatris;0276550;7.3;;;
These Foolish Things;0439848;6.0;;;
The Best Exotic Marigold Hotel;1412386;7.3;136836156;10000000;126836156
They Came to Cordura;0053351;6.5;;4000000;
Murder with Mirrors;0089640;6.9;;;
Battle of the V-1;0051402;5.5;;;
They Shoot Horses, Don't They?;0065088;7.9;;;
Thin Air;0226519;4.5;;;
The Thirteenth Guest;0023583;5.9;;;
The 39 Steps;0026029;7.8;;;
They Live by Night;0040872;7.6;;;
The Three Lives of Thomasina;0057579;7.2;;;
Bad Moon;0115610;5.6;1055525;7000000;-5944475
Thunder Mountain;0039901;6.4;;;
Thunderball;0059800;7.0;141200000;9000000;132200000
Thunderhead, Son of Flicka;;;;;
The Thundering Herd;0025893;5.9;;;
Action;0206467;8.4;;;
3:10 to Yuma;0381849;7.8;53606916;55000000;-1393084
Johnny Handsome;0097626;6.1;7237794;20000000;-12762206
Never a Dull Moment;0042784;5.7;;;
A Tiger Walks;0058657;6.6;;;
Time After Time;0080025;7.2;;;
The Time Machine;0054387;7.6;;750000;
A Time to Kill;0117913;7.4;152266007;40000000;112266007
The Time Traveler's Wife;0452694;7.1;101344412;39000000;62344412
Timeline (2003);;;;;
Tinker Tailor Soldier Spy;0080297;8.7;;;
To Catch a Thief;0048728;7.5;8750000;2500000;6250000
To Have and Have Not;0037382;8.0;;;
To Kill a Mockingbird;0056592;8.4;13129846;2000000;11129846
To Sir, with Love;0062376;7.7;42432803;640000;41792803
To the Devil a Daughter;0075334;5.9;;;
They Died with Their Boots On;0034277;7.3;;2200000;
Morte a Venezia;0067445;7.5;;;
 or, Ten Weeks with a Circus;;;;;
Sea Devils;0046286;5.7;;;
Topaz;0065112;6.3;;4000000;
Touch;0120357;5.7;408097;;
La vuelta al mundo de Willy Fog;0135114;7.7;;;
All Men Are Mortal;0112323;4.7;;3000000;
The Towering Inferno;0072308;6.9;139700000;14000000;125700000
A Town Like Alice;0049871;7.2;;;
Track of the Cat;0047603;6.5;;;
Trainspotting;0117951;8.2;16501785;3500000;13001785
Ostrov sokrovishch;0122227;8.4;;;
The Treasure of the Sierra Madre;0040897;8.3;4307000;3000000;1307000
Le procès;0057427;7.9;;;
By Dawn's Early Light;0099197;7.1;;;
Los tres mosqueteros y medio;0049880;7.1;;;
The Trouble with Harry;0048750;7.2;;1200000;
True Grit;1403865;7.7;252276927;38000000;214276927
The Turning Point;0076843;6.9;33600000;;
25th Hour;0307901;7.7;13060843;15000000;-1939157
Twilight for the Gods;0052326;5.5;;;
The Twilight Saga (2008–2012);;;;;
Twilight (2008);;;;;
The Twilight Saga: New Moon;1259571;4.6;709827462;50000000;659827462
The Twilight Saga: Eclipse;1325004;4.9;698491347;68000000;630491347
The Twilight Saga: Breaking Dawn - Part 2;1673434;5.6;832660037;120000000;712660037
Twin Sisters (2002);;;;;
Under a Texas Moon;0021503;6.0;;;
Two-Minute Warning;0075359;6.0;;;
Two Much;0118001;5.3;592871;;
The Lord of the Rings: The Two Towers;0167261;8.7;926047111;94000000;832047111
Trudno byt bogom;2328813;6.6;;7000000;
The Tunnel of Love;0052325;6.0;;;
Ugetsu monogatari;0046478;8.2;;;
The Ugly Dachshund;0061135;6.7;;;
The Unbearable Lightness of Being;0096332;7.4;10006806;17000000;-6993194
The Lost Continent;0063240;5.7;;;
Song of the South;0038969;7.4;63717040;;
Under the Tonto Rim;0039934;6.6;;;
That Darn Cat!;0059793;6.7;28062222;;
The Wild Party;0073903;5.5;;;
The Unforgiven;0054428;6.8;;5000000;
Stanley & Iris;0100680;6.2;5820015;23000000;-17179985
Amazon Women on the Moon;0092546;6.1;548696;;
Along Came Jones;0037508;6.5;;;
Valdez Is Coming;0067921;6.8;;;
Valley of the Dolls;0062430;5.8;50000000;5000000;45000000
Vampires;0120877;6.1;20241395;20000000;241395
Les valseuses;0072353;7.4;;;
The Vanishing American;0016480;6.9;;;
Vanity Fair;0241025;6.2;19247496;23000000;-3752504
Accused of Murder;0048924;5.8;;;
Beladingala Baale;;;;;
Munich (2005);;;;;
Vengeance Valley;0044186;5.9;3146000;1008000;2138000
The American (2010);;;;;
The Red Danube;0041788;6.4;1859000;1961000;-102000
The Iron Mask;0020030;7.6;;;
Victory;0033220;6.9;;;
De vierde man;0086543;7.3;;;
Vigil in the Night;0033221;6.8;;;
The Vikings;0052365;7.1;;5000000;
Twilight's Last Gleaming;0076845;6.9;;6200000;
20,000 Leagues Under the Sea;0046672;7.2;28200000;5000000;23200000
The Virginian;0055710;7.7;;;
Vision Quest;0090270;6.5;12900000;;
The Voice of Bugle Ann;0028471;6.9;;;
Le voleur;0062457;6.9;;;
Journey to the Center of the Earth;0373051;5.8;241995151;45000000;196995151
Conquest of the Pole;;;;;
Voyage of the Damned;0075406;6.5;;;
Sorcerer;0076740;7.7;9000000;12000000;-3000000
The Terrornauts;0062355;5.1;;;
A Walk to Remember;0281358;7.4;41227069;11000000;30227069
Walkabout;0067959;7.7;;;
Walking Shadow;0271873;5.5;;;
La sirène du Mississipi;0064990;7.2;26893;1600000;-1573107
Wanderer of the Wasteland;0038237;6.2;;;
War and Peace;3910804;;;;
War Horse (2011);;;;;
The War of the Roses;0098621;6.8;160188546;;
The War of the Worlds;0046534;7.1;4360000;2000000;2360000
Wat zien ik;0067963;5.8;;;
The Watcher in the Woods;0081738;6.5;5000000;;
Water for Elephants;1067583;6.9;117094902;38000000;79094902
The Water Hole;0019550;4.3;;;
Watership Down;0078480;7.7;;;
The Way West;0062479;6.2;;;
The Curse of the Werewolf;0054777;6.8;;;
West of the Pecos;0038241;6.1;;;
The Wet Parade;0023685;6.4;;;
We're Back! A Dinosaur's Story;0108526;6.1;9315576;;
What Dreams May Come;0120889;7.0;71485043;85000000;-13514957
What's the Worst Thing That Could Happen?;;;;;
The Lady Vanishes;0030341;8.0;;;
When Eight Bells Toll;0067976;5.9;;;
The Sword and the Rose;0046387;6.6;;;
When Worlds Collide;0044207;6.7;;936000;
Where Eagles Dare;0065207;7.7;;;
Where the Boys Are;0054469;6.7;;;
Where the Red Fern Grows;0072402;6.9;;;
Where the Wild Things Are;0386117;6.8;100086793;100000000;86793
Petticoat Junction;0056780;7.1;;;
White Banners;0030973;7.1;;;
White Dog;0084899;7.1;;8000000;
Zanna Bianca;0069536;6.1;;;
Creature;0156205;4.9;;;
La nave bianca;0033941;5.9;;;
Miracle of the White Stallions;0057312;6.5;;;
White Jazz;;;;;
Who?;0072405;5.8;;;
Who Framed Roger Rabbit;0096438;7.7;349200000;70000000;279200000
The Weak and the Wicked;0046535;6.1;;;
Young Billy Young;0065230;5.7;;;
Why Me?;0100931;6.0;;;
Wicked Water;;;;;
Wide Sargasso Sea;0108565;5.8;1610792;;
The Door in the Floor;0348593;6.7;3835551;;
Wild Horse Mesa;0179533;6.8;;;
Wild Justice;1621755;8.4;;;
Cross of Iron;0074695;7.5;;6000000;
Wilt;0179538;;;;
The Willows in Winter;0286309;7.9;;;
The Wings of the Dove;0120520;7.2;13718385;;
The Many Adventures of Winnie the Pooh;0076363;7.6;;;
Winter Meeting;0040971;7.1;;;
Winter's Bone;1399683;7.2;13831503;2000000;11831503
The Winter of Our Discontent;0086592;7.2;;;
Wise Blood;0080140;7.3;;1000000;
The Witches;0100944;6.8;10360553;;
The Witches of Eastwick;0094332;6.5;63766510;22000000;41766510
Witchfinder General;0063285;6.9;;175000;
Pete 'n' Tillie;0069080;6.0;;;
The Perfect Stranger (2005);;;;;
The Bedroom Window;0092627;6.3;12640385;;
Ride with the Devil;1124309;5.6;;;
Wolfen;0083336;6.3;10626725;17000000;-6373275
The Woman Chaser;0217894;7.2;110720;1200000;-1089280
The Woman in Black;0098672;7.4;;;
The Woman in White;0137279;7.2;;;
Woman Thou Art Loosed;0399901;6.8;6879730;;
Woman Wanted;0158369;5.6;;;
Women in Love;0066579;7.6;;1250000;
The Women of Brewster Place;0098674;7.6;;;
Wonder Boys (2000);;;;;
The Wonderful Country;0053453;6.3;;;
Oz;0118421;8.9;;;
The World According to Garp;0084917;7.2;29712172;17000000;12712172
The World in His Arms;0045339;7.2;;;
The World of Henry Orient;0058756;6.8;;;
The Wreck of the Mary Deare;0053455;6.8;;;
The Wrong Box;0061204;7.0;;;
Wuthering Heights;1181614;6.1;;;
The Warriors;0080120;7.7;22490039;;
Yajû no seishun;0057697;7.6;;;
The Year of Living Dangerously;0086617;7.2;10278575;13000000;-2721425
Night of the Lepus;0069005;4.0;3711923;900000;2811923
The Horse in the Gray Flannel Suit;0063091;6.3;;;
Yellowstone Kelly;0053457;6.5;;;
Les yeux sans visage;0053459;7.8;52709;;
Yield to the Night;0049019;7.1;;;
Whore (2004);;;;;
You Only Live Twice;0062512;6.9;111600000;9500000;102100000
Guilt Is My Shadow;0160336;5.4;;;
Your Ticket Is No Longer Valid;0080164;4.8;;;
Young Adam;0289635;6.5;;;
Young Man of Manhattan;0021568;6.6;;;
Young Man with a Horn;0043153;7.2;;;
De Zaak Alzheimer;;;;;
Zarak;0051219;5.4;;;
Zathura;;;;;
Zazie in the Metro;;;;;
06/05;0419952;6.6;;;
Zona Zamfirova;0326449;7.1;;;
Alexis Zorbas;0057831;7.8;23500000;783000;22717000
