101 Reykjavik;0;4.0;5;adult;
The 120 Days of Sodom;0;2.5;37;adult;classic;
The 25th Hour;0;4.2;117;adult;crime;mystery;
2010: Odyssey Two;0;4.3;289;adult;adventure;classic;fantasy;romance;space;
4.50 From Paddington;0;4.4;335;adult;histor;mystery;
42nd Street;0;4.0;2;adult;
48 Shades of Brown;0;3.3;9;adult;
491 Lars Gorling;0;5.0;2;adult;
50 Shades of Grey;0;3.5;33375;adult;romance;
50 Ways of Saying Fabulous;0;4.6;7;adult;fantasy;romance;space;
52 Pick-Up;0;4.2;79;adult;adventure;mystery;
58 Minutes;0;4.2;8;adult;crime;mystery;
633 Squadron;0;4.0;3;adult;drama;histor;
The A.B.C. Murders;0;4.3;194;adult;mystery;
About a Boy;0;4.3;394;adult;
About Schmidt;0;3.5;44;adult;histor;
Absolute Power;0;4.4;700;adult;mystery;
The Accidental Tourist;0;4.1;195;adult;mystery;
Across 110th;0;4.0;2;adult;
Adam Resurrected;0;3.7;7;adult;histor;
Addie Pray;0;4.5;30;adult;histor
Adolphe;0;4.7;3;adult;
The Adventurers;0;4.6;62;adult;adventure;drama;mystery;tragedy;
The Adventures of Captain Alatriste;0;3.8;102;adult;adventure;histor;
The Adventures of Hajji Baba of Ispahan;0;4.6;10;adult;adventure;
Adventures of Huckleberry Finn;0;4.3;1416;adult;adventure;classic;
The Adventures of Pinocchio;0;4.5;40;adult;histor;
The Adventures of Sherlock Holmes;0;4.6;235;adult;adventure;classic;
The Adventures of Tom Sawyer;0;4.5;1102;adult;adventure;classic;romance;
Advise and Consent;0;4.6;76;adult;
Aelita;0;1.0;1;adult;adventure;fantasy;space;
The African Queen;0;4.2;41;adult;adventure;classic;drama;
After Dark, My Sweet;0;4.3;23;adult;mystery;
After Hours 1979;0;4.8;5;child;
After the Funeral;0;4.3;136;adult;classic;crime;histor;mystery;
The Age of Innocence;0;4.3;439;teen;classic;histor;
The Agony and the Ecstasy;0;4.6;225;adult;classic;histor;
Aimez-vous Brahms?;0;4.5;2;adult;
Air America 1985;0;4.4;23;adult;
Airborn;0;4.6;188;teen;adventure;fantasy;voyage;
Airport;0;4.5;128;adult;adventure;drama;mystery;
Alice Adams;0;3.7;30;adult;
Allan Quatermain;0;4.2;234;adult;
All Fall Down;0;4.1;179;teen;adventure;mystery;
All the Brothers Were Valiant;0;3.7;7;adult;
All the King's Men;0;4.3;384;teen;classic;
All the Pretty Horses;0;4.2;686;adult;western;
All the Rivers Run;0;4.0;10;adult;
All the Way;0;4.4;5;adult;classic;drama;histor;
All You Need Is Kill;0;4.8;44;adult;fantasy;
Almayer's Folly;0;4.2;6;adult;drama;
Along Came a Spider;0;4.3;1125;adult;crime;mystery;
Altered States;0;3.8;16;adult;
Always Another Dawn;0;4.6;12;adult;adventure;histor;
Always Outnumbered, Always Outgunned;0;4.7;90;adult;crime;mystery;
An American Dream;0;3.6;39;adult;classic;histor;mystery;
American Knees;0;3.8;33;adult;
American Psycho;0;3.7;1617;adult;
American Splendor;0;4.4;22;adult;satire;
An American Tragedy;0;4.2;242;adult;classic;
The Americanization of Emily;0;2.0;1;adult;
Amerika;0;4.1;9;adult;adventure;classic;satire;
The Amityville Horror;0;4.1;229;adult;crime;
Amu Shonali Bose;0;5.0;1;adult;mystery;voyage;
Anatomy of a Murder;0;4.2;84;adult;classic;crime;drama;mystery;
And Now Tomorrow;0;4.2;6;teen;
And Then There Were None;0;4.6;1558;adult;crime;histor;mystery;
The Anderson Tapes;0;3.3;21;adult;crime;mystery;
The Andromeda Strain;0;4.1;568;adult;fantasy;space;
Angel 1957 Elizabeth Taylor;0;4.3;20;adult;
Angel Square;0;3.5;2;child;
Angels and Demons;0;4.0;3269;adult;adventure;histor;mystery;
Anglo-Saxon Attitudes;0;4.3;12;adult;histor;mystery;satire;
The Angry Hills;0;3.9;46;adult;histor;
Animal Farm;0;4.4;2461;adult;animal;classic;comedy;drama;satire;
Anna and the King of Siam;0;4.1;33;adult;histor;western;
Anna Karenina;0;4.1;474;adult;classic;histor;
Anna to the Infinite Power;0;4.7;14;adult;fantasy;
Anne of Avonlea;0;4.6;1434;child;adventure;classic;romance;
Anne of Green Gables;0;4.6;1434;child;adventure;classic;
The Year of the Jellyfish;0;4.3;15;child;animal;
The Anointed;0;3.8;11;adult;histor;
The Antagonists;0;4.3;107;adult;
Anthony Adverse;0;4.5;36;adult;classic;histor;
Apache Rising;0;4.0;2;adult;western;
A Job for Jenny;0;4.5;4;child;
The Apocalypse Watch;0;2.8;68;adult;adventure;mystery;
The Apple Dumpling Gang;0;5.0;1;adult;
Appointment with Death;0;4.2;85;adult;classic;crime;histor;mystery;
The Apprenticeship of Duddy Kravitz;0;3.8;40;adult;comedy;
Armageddon 2419 A.D.;0;3.9;35;adult;fantasy;
Arrowsmith 1925;0;4.2;95;adult;classic;
El Asalto;0;5.0;1;adult;
Ask the Dust;0;4.4;205;adult;
Asking for Trouble;0;4.0;144;adult;
The Asphalt Jungle;0;4.6;12;adult;crime;mystery;
The Assassination Bureau, Ltd;0;3.6;19;adult;classic;
The Assassination of Jesse James by the Coward Robert Ford;0;4.2;70;adult;histor;myth;western;
L'Assommoir;0;4.5;13;adult;classic;
The Astronauts;0;3.8;1043;adult;histor;tragedy;
Asylum 1996;0;4.0;135;adult;adventure;crime;mystery;
At Play in the Fields of the Lord;0;4.5;76;adult;
At the Earth's Core;0;4.4;71;adult;
Atlantis;0;4.1;10730;adult;adventure;fantasy;histor;mystery;tech;
Atonement;0;3.9;1126;adult;crime;mystery;
Audrey Rose;0;4.3;35;adult;mystery;
Auntie Mame;0;4.6;240;adult;satire;
Avalon High;0;4.3;159;teen;adventure;drama;fantasy;myth;tragedy;
The Aviator;0;4.6;286;adult;adventure;histor;tragedy;
Away All Boats;0;4.7;18;adult;
An Awfully Big Adventure;0;4.2;12;adult;mystery;
The Ax 1997;0;4.1;121;adult;mystery;
Baby Love;0;5.0;4;child;
Babylon Babies;0;3.2;21;adult;fantasy;
Back Street;0;4.5;2;adult;classic;drama;
Back When We Were Grownups;0;3.7;309;adult;mystery;
Eric Ambler;0;4.2;163;adult;crime;mystery;
The Bad Seed;0;4.3;96;adult;classic;drama;
Baise-moi;0;3.1;7;adult;fantasy;
The Bait;0;4.8;222;adult;
The Ballad of Cat Ballou;0;3.7;3;adult;
The Ballad of the Flim-Flam Man;0;5.0;3;adult;classic;histor;
Balzac et la petite tailleuse chinoise;0;5.0;4;adult;
Band of Angels;0;4.7;287;adult;adventure;histor;
Bank Shot;0;4.2;96;adult;adventure;mystery;
Banner in the Sky;0;4.4;119;teen;adventure;
The Barefoot Mailman;0;4.5;19;adult;histor;
Basil of Baker Street;0;4.9;9;child;mystery;
Bastard Out of Carolina;0;4.4;287;adult;classic;drama;histor;
Battle Cry;0;4.5;223;adult;adventure;classic;histor;
The Battle of the Villa Fiorita;0;4.6;9;adult;
Battle Royale;0;4.5;13;adult;fantasy;
Battlefield Earth;0;4.0;807;adult;adventure;crime;fantasy;mystery;
Be Cool;0;3.2;99;adult;classic;crime;mystery;
Be Still, My Love;0;4.4;169;adult;
The Beach;0;4.0;705;adult;western;
Beaches;0;4.2;33;adult;
The Beardless Warriors;0;4.7;33;adult;classic;histor;
The Beast Master;0;4.4;14;adult;adventure;fantasy;
The Beast Must Die;0;4.8;4;adult;crime;mystery;
The Beast Within;0;3.9;83;child;fantasy;myth;
Beat the Devil;0;4.5;70;adult;
Beau Brocade;0;3.8;5;adult;
Beau Geste;0;5.0;1;adult;adventure;
Beautiful Creatures;0;4.3;4146;teen;fantasy;histor;
Bedelia;0;4.4;11;adult;classic;crime;mystery;romance;voyage;
Bee Season;0;3.6;361;adult;
Before the Fact;0;4.4;23;adult;classic;crime;mystery;
Behind That Curtain;0;4.5;17;adult;mystery;
Being There;0;4.1;125;adult;classic;satire;
Bel Ami;0;4.3;45;adult;classic;histor;
Belle de Jour;0;4.5;6;adult;
Beloved;0;3.9;995;adult;histor;
Ben-Hur: A Tale of the Christ;0;4.5;252;adult;
Benjamin Blake;0;4.0;3;adult;
Beowulf;0;4.3;351;adult;adventure;classic;
Berlin Alexanderplatz;0;4.3;7;adult;
La Bete humaine;0;4.0;7;adult;classic;histor;
The Betsy;0;4.1;8;adult;mystery;
Beyond This Place;0;4.4;8;adult;classic;mystery;romance;
The BFG;0;4.7;677;child;adventure;classic;fantasy;
Bhowani Junction;0;4.5;2;adult;drama;
Bid Time Return;0;4.1;219;adult;classic;fantasy;romance;space;
The Beginning and the End;0;4.0;18;adult;
The Big Bounce;0;2.8;37;adult;adventure;classic;crime;mystery;
The Big Clock;0;4.2;31;adult;drama;mystery;
Big Fish: A Novel of Mythic Proportions;0;4.2;131;adult;animal;myth;
The Big Fisherman;0;4.3;36;adult;histor;mystery;romance;
The Big Heat;0;4.6;5;adult;mystery;
Big Red;0;4.7;72;child;adventure;animal;classic;
The Big Sleep;0;4.2;407;adult;histor;mystery;
Big Trouble;0;4.0;401;adult;satire;
Biggles;0;5.0;2;child;adventure;
Billion-Dollar Brain;0;4.6;9;adult;classic;mystery;
Billy Bathgate;0;4.3;78;adult;adventure;histor;
Billy Liar;0;4.2;6;adult;adventure;classic;satire;
Birdy;0;4.7;27;adult;classic;mystery;
The Bishop's Wife;0;3.4;182;adult;crime;mystery;
The Bitch;0;3.9;81;adult;
Bitter Moon;0;5.0;1;adult;
The Bitter Tea of General Yen;0;4.4;7;adult;classic;drama;mystery;
Black Alibi;0;4.3;3;adult;crime;mystery;
The Black Angel;0;4.1;77;adult;animal;histor;romance;
The Black Arrow: A Tale of the Two Roses;0;4.5;2;adult;classic;
Black Beauty;0;4.5;410;child;animal;classic;
The Black Camel;0;4.6;31;adult;mystery;
The Black Curtain;0;4.1;7;adult;crime;mystery;
The Black Dahlia;0;3.9;297;adult;histor;mystery;
Black Narcissus;0;4.5;13;adult;
The Black Path of Fear;0;3.0;4;adult;crime;mystery;
The Black Rose;0;4.0;1;adult;
The Black Stallion;0;4.8;319;child;adventure;animal;classic;
Black Sunday;0;3.9;81;adult;mystery;
The Blackboard Jungle;0;4.7;17;adult;
Blackbeard's Ghost;0;4.4;7;adult;
The Blank Wall;0;4.8;4;adult;classic;crime;mystery;
Blaze of Noon;0;4.9;7;adult;
Bleak House;0;4.4;391;adult;classic;histor;mystery;
Bless the Beasts and Children;0;3.5;101;adult;classic;histor;
Bless the Child;0;4.2;43;adult;mystery;
The Blessing;0;4.3;25;adult;comedy;satire;
Blood and Chocolate;0;4.5;457;child;fantasy;romance;
Blood Brother;0;4.5;20;adult;adventure;classic;drama;histor;western;
Blood on the Moon;0;4.6;119;adult;drama;histor;
The Blood Oranges;0;3.9;9;adult;comedy;mystery;
Blood Work;0;4.4;467;adult;crime;mystery;
Blue Fin;0;4.3;3;adult;classic;
The Blue Lagoon;0;4.0;140;adult;
The Body;0;3.9;46;adult;adventure;
The Body Snatchers;0;4.4;97;adult;classic;fantasy;
The Bonfire of the Vanities;0;4.2;322;adult;
Bonjour Tristesse;0;4.3;57;adult;adventure;
Boogiepop and Others;0;4.8;4;adult;mystery;
The Book of Daniel;0;3.8;64;adult;
Das Boot;0;4.7;40;adult;histor;
The Border Legion;0;4.1;61;adult;
Border Town;0;4.1;18;adult;classic;space;
The Borrowers;0;4.5;249;child;classic;fantasy;
The Bostonians;0;3.9;40;adult;classic;histor;
The Bourne Identity;0;4.2;1734;adult;adventure;mystery;
The Bourne Supremacy;0;4.0;221;adult;adventure;mystery;
The Bourne Ultimatum;0;3.6;167;adult;adventure;mystery;
The Bourne Legacy;0;3.1;246;adult;crime;mystery;
The Boy in the Striped Pyjamas;0;4.5;1315;child;histor;
The Boys from Brazil;0;4.4;149;adult;classic;mystery;
The Brave Bulls;0;3.4;7;adult;western;
The Brave Cowboy;0;4.7;56;child;adventure;histor;western;
The Brave Little Toaster: A Bedtime Story for Small Appliances;0;4.3;7;child;
Brave New World;0;4.2;1890;adult;classic;fantasy;
Breakfast of Champions;0;4.2;544;adult;classic;satire;
Breakfast on Pluto;0;4.0;38;adult;drama;histor;tragedy;
Breakfast with Scot;0;4.3;19;adult;satire;
Breakheart Pass;0;4.4;29;adult;histor;mystery;western;
Breaking Smith's Quarter Horse;0;5.0;6;adult;
The Bride Wore Black;0;4.6;15;adult;mystery;
Brideshead Revisited, The Sacred and Profane Memories of Captain Charles Ryder;0;5.0;3;adult;classic;
The Bridge of San Luis Rey;0;4.0;216;adult;classic;histor;tragedy;
Bridge to Terabithia;0;4.4;1441;child;classic;tragedy;
The Bridges at Toko-Ri;0;4.4;64;adult;adventure;histor;
The Bridges of Madison County;0;3.6;609;adult;histor;romance;
Bridget Jones's Diary;0;4.1;1276;adult;satire;
Bridget Jones: The Edge of Reason;0;4.3;540;adult;satire;
Bright Lights, Big City;0;4.0;151;adult;classic;satire;
Brighton Rock;0;4.2;86;teen;classic;histor;
Bringing Out the Dead;0;4.4;85;adult;mystery;
Brothers by Blood;0;4.9;9;adult;mystery;romance;
Broken April;0;4.3;47;adult;classic;romance;
Brothers in Law;0;5.0;1;adult;adventure;crime;mystery;satire;
The Brothers Karamazov;0;4.6;389;adult;histor;romance;
Brown's Requiem;0;3.7;48;adult;mystery;
Buddwing;0;4.2;5;adult;
Buffalo Girls;0;4.3;45;adult;histor;western;
Buffalo Soldiers;0;4.0;3;adult;histor;myth;
Bump in the Night;0;4.1;78;adult;fantasy;romance;
The Burglar in the Closet;0;4.1;51;adult;mystery;
The Burning Hills;0;4.5;127;adult;histor;western;
The Burning Shore;0;4.6;123;adult;adventure;histor;romance;tragedy;
Burton and Speke;0;5.0;3;adult;
The Busy Body;0;4.3;18;adult;mystery;
But Gentlemen Marry Brunettes;0;4.4;19;adult;classic;histor;satire;
BUtterfield 8;0;4.7;20;adult;classic;histor;tragedy;
By the Great Horn Spoon!;0;4.7;103;child;adventure;classic;histor;western;
The Caine Mutiny;0;4.7;242;adult;adventure;classic;drama;
Cal;0;4.1;22;adult;adventure;romance;tech;
Call for the Dead;0;4.3;227;adult;mystery;
Call It Treason;0;4.7;23;adult;mystery;
The Call of the Wild;0;4.4;1805;adult;adventure;classic;myth;
Candy: A Novel of Love and Addiction;0;4.5;134;adult;
Canterbury Tales;0;4.1;292;adult;classic;histor;romance;
Canyon Passage;0;4.6;5;adult;western;
A Captive in the Land;0;4.4;118;teen;fantasy;
The Captives;0;4.6;52;adult;comedy;romance;
Careful, He Might Hear You;0;4.6;5;adult;
Carlito's Way;0;4.4;289;adult;
The Carpetbaggers;0;4.3;83;adult;fantasy;
The House of the Spirits;0;4.3;416;adult;fantasy;histor;
A Case of Need;0;3.8;184;adult;mystery;
Case File: FBI;0;5.0;1;adult;
Cash McCall;0;4.5;10;adult;adventure;mystery;
Casino Royale;0;4.2;741;adult;adventure;mystery;
The Castle;0;4.1;113;adult;classic;comedy;
Cat Chaser;0;4.0;30;adult;crime;mystery;
The Cat That Walked by Himself;0;4.6;10;child;animal;
Catch-22;0;4.3;1515;adult;classic;satire;
Catlow;0;4.2;26;adult;adventure;histor;western;
The Caveman's Valentine;0;4.3;37;adult;satire;
Les cerfs-volants;0;3.0;2;adult;
The Cement Garden;0;3.6;132;adult;
Centennial;0;4.7;1529;adult;drama;histor;western;
A Certain Mr. Takahashi;0;4.0;1;adult;romance;
The Chamber;0;3.9;511;adult;mystery;
The Chancellor Manuscript;0;4.0;59;adult;mystery;
Charlie and the Chocolate Factory;0;4.7;1095;child;classic;fantasy;myth;
Charlie Chan Carries On;0;4.6;33;adult;classic;mystery;
Charlie M;0;4.4;23;adult;mystery;
Charlotte Gray;0;3.3;81;adult;histor;
Charlotte's Web;0;4.7;1092;child;animal;classic;
Chateau Bon Vivant;0;5.0;2;adult;
The Cheetah Girls;0;4.6;25;child;
The Children of Light;0;4.4;69;adult;histor;mystery;tech;western;
The Children of Men;0;3.7;229;adult;fantasy;histor;
Children of Pleasure;0;4.0;7;adult;
The Children of Sanchez;0;3.8;6;adult;histor;
Children of the Covered Wagon;0;5.0;9;child;histor;
The Chinese Parrot;0;4.2;27;adult;adventure;mystery;
Chocolat;0;4.1;396;adult;drama;romance;
The Chocolate War;0;3.6;499;child;classic;
Christine;0;4.4;312;adult;mystery;
Christmas at Candleshoe;0;4.0;2;adult;crime;mystery;
A Christmas Gift;0;3.9;60;adult;comedy;
Christmas Holiday;0;4.2;18;adult;classic;tragedy;
The Christmas Shoes;0;4.5;145;adult;
Christopher Strong;0;4.8;33;adult;histor;
The Lion, the Witch and the Wardrobe;0;4.7;4102;child;adventure;classic;fantasy;
Prince Caspian;0;4.4;335;child;adventure;animal;classic;fantasy;voyage;
The Silver Chair;0;4.5;298;child;classic;fantasy;
The Voyage of the Dawn Treader;0;4.6;369;child;classic;fantasy;voyage;
The Magician's Nephew;0;4.6;840;child;classic;fantasy;
The Chronicles of Prydain;0;4.9;187;child;adventure;fantasy;myth;
The Cider House Rules;0;4.3;718;adult;classic;
Cimarron;0;4.3;6;adult;classic;histor;western;
The Cincinnati Kid;0;4.4;8;adult;
Cinderella Liberty;0;4.4;14;adult;adventure;mystery;romance;
Cinq semaines en ballon;0;4.6;5;adult;
The Circus of Dr. Lao;0;4.0;17;adult;fantasy;myth;western;
Cirque Du Freak: The Saga of Darren Shan;0;4.6;36;adult;vampire;
The Citadel;0;4.6;50;adult;drama;fantasy;
The City of Ember;0;4.5;1167;child;fantasy;
City of God;0;4.5;177;adult;classic;histor;
Clair de femme;0;5.0;2;adult;
The Clan of the Cave Bear;0;4.6;1107;adult;histor;
Ku Klux Klan Trilogy;0;4.0;4;adult;histor;
Class Reunion;0;4.5;22;adult;romance;
Clean Break;0;4.0;1;adult;
Clear and Present Danger;0;4.4;288;adult;adventure;mystery;tech;
The Client;0;4.2;512;adult;crime;mystery;
Clockers;0;4.2;107;adult;crime;mystery;
A Clockwork Orange;0;4.5;1025;adult;classic;fantasy;histor;
El Club Dumas;0;4.3;27;adult;crime;
Cockfighter;0;4.4;11;adult;animal;crime;mystery;
Cocoon;0;4.5;2;adult;action;adventure;space;fantasy;
The Code of the West;0;5.0;3;adult;histor;western;
Coins in the Fountain;0;4.5;43;adult;adventure;
Cold Mountain;0;3.8;1732;adult;histor;
The Color of Money;0;4.5;24;adult;classic;
The Color Purple;0;4.4;1024;teen;classic;
Colossus;0;4.0;46;adult;adventure;mystery;tech;
The Comfort of Strangers;0;3.3;113;adult;fantasy;
Como agua para chocolate;0;4.5;142;adult;fantasy;histor;romance;
Compulsion;0;4.4;129;teen;fantasy;myth;romance;
The Constant Nymph;0;4.0;8;adult;
Cool Hand Luke;0;4.7;36;adult;adventure;mystery;myth;
The Count of Monte Cristo;0;4.6;1756;adult;classic;crime;histor;
The Comedians;0;4.4;65;adult;classic;histor;
Conagher;0;4.7;120;adult;adventure;histor;western;
Confessions of a Crap Artist;0;4.3;34;adult;satire;
Congo;0;4.0;379;adult;adventure;mystery;
A Connecticut Yankee in King Arthur's Court;0;4.1;636;adult;classic;histor;
The Constant Gardener;0;3.6;272;adult;crime;mystery;tragedy;
Contact;0;4.4;431;adult;fantasy;histor;
Cool Hand Luke;0;4.7;36;adult;adventure;mystery;myth;
Cops and Robbers;0;3.4;5;child;classic;crime;
Corazon salvaje;0;4.7;15;adult;
Coroner Creek;0;5.0;1;adult;western;
The Cowboys;0;4.2;12;adult;western;
Cracking India;0;4.2;45;adult;drama;
Crash;0;3.3;139;adult;sci-fi;classic;tech;
O Crime do Padre Amaro;0;4.6;9;adult;
Crossfire Trail;0;4.6;67;adult;western;
Crouching Tiger, Hidden Dragon;0;5.0;1;adult;adventure;romance;
The Cruel Sea;0;4.8;216;adult;classic;histor;
Cry Wolf;0;4.3;576;adult;animal;
Cutter and Bone;0;4.0;21;adult;crime;mystery;
Cycle of the Werewolf;0;4.0;183;adult;
The Cypher;0;4.4;465;child;adventure;fantasy;histor;myth;
The Da Vinci Code;0;3.8;5632;adult;histor;mystery;
Dad (William Wharton);0;4.8;10;adult;histor;
Damage (Josephine Hart);0;4.1;103;adult;mystery;
Damnation Alley;0;3.9;43;adult;crime;fantasy;
The Damned Utd;0;4.4;36;adult;
The Dancer Upstairs;0;4.1;17;adult;
Dances with Wolves (Michael Blake);0;4.5;129;adult;adventure;histor;western;
A Dandy in Aspic (Derek Marlowe);0;4.0;3;adult;mystery;
The Dangerous Lives of Altar Boys (Chris Fuhrman);0;4.5;53;adult;adventure;mystery;
Daniel Deronda (George Eliot);0;4.5;64;adult;classic;histor;
Danny, the Champion of the World;0;4.6;258;child;adventure;classic;
Darby O'Gill and the Good People (Herminie Templeton Kavanagh);0;3.8;12;adult;adventure;histor;
The Dark Fields (Alan Glynn);0;4.1;31;adult;mystery;
The Dark Is Rising Sequence;0;4.7;329;child;adventure;fantasy;myth;space;
The Dark of the Sun (Wilbur Smith);0;4.0;75;adult;adventure;mystery;
Dark Passage;0;4.8;174;child;fantasy;
David Copperfield;0;4.5;885;adult;classic;
The Day of the Jackal;0;4.6;324;adult;histor;mystery;
The Day of the Locust;0;3.5;79;adult;classic;
The Day of the Triffids;0;4.4;314;adult;classic;fantasy;
The Day the World Ended (Gordon Thomas);0;4.3;14;adult;histor;
The Daybreakers (Louis L'Amour);0;4.5;78;adult;histor;western;
Dead Calm;1;4.5;4556;adult;drama;histor;
The Dead Zone;0;4.4;430;adult;mystery;
Deadline at Dawn;0;4.7;3;adult;crime;mystery;
Deadly, Unna? (Phillip Gwynne);0;3.5;21;adult;
Dealing: or the Berkeley-to-Boston Forty-Brick Lost-Bag Blues;0;4.0;22;adult;crime;mystery;
Dear John;0;4.2;990;adult;romance;
Death on the Nile;0;4.5;217;adult;histor;mystery;
Death Sentence (Brian Garfield);0;3.0;4;adult;mystery;western;
Death Wish (Brian Garfield);0;4.2;17;adult;crime;mystery;
The Deceivers (John Masters);0;4.6;10;adult;histor;
December Boys (Michael Noonan);0;4.0;2;adult;
The Deep (Peter Benchley);0;4.0;29;adult;mystery;
The Deep End of the Ocean (Jacquelyn Mitchard);0;3.4;413;adult;
Deliverance (James Dickey);0;4.4;181;adult;adventure;classic;
The Deluge (Henryk Sienkiewicz);0;3.4;14;adult;
Demon Seed (Dean Koontz);0;3.1;159;adult;mystery;
D'entre les morts (Pierre Boileau and Thomas Narcejac);0;4.1;38;adult;histor;myth;western;
Derailed (James Siegel);0;4.0;197;adult;crime;mystery;
Desert Gold (Zane Grey);0;4.4;88;adult;adventure;western;
Desert of the Heart (Jane Rule);0;4.3;25;adult;classic;
Destry Rides Again (Max Brand);0;4.0;13;adult;adventure;western;
The Detective (Roderick Thorp);0;3.2;13;adult;crime;mystery;
Detective (Arthur Hailey);0;3.5;59;adult;crime;mystery;
The Devil Rides Out (Dennis Wheatley);0;4.2;42;adult;classic;
The Devil Wears Prada (Lauren Weisberger);0;3.0;1211;adult;histor;satire;
The Devil's Advocate (Morris West);0;4.5;45;adult;
The Devil's Advocate (Andrew Neiderman);0;3.4;45;adult;crime;
The Devils of Loudun (Aldous Huxley);0;4.8;41;adult;classic;histor;
Le Diable au corps (Raymond Radiguet);0;5.0;1;adult;classic;
The Diamond Hunters (Wilbur Smith);0;4.2;192;adult;adventure;
Diamonds Are Forever (Ian Fleming);0;3.9;158;adult;adventure;mystery;
The Dice of God (Hoffman Birney);0;5.0;1;adult;
The Dirty Dozen (E. M. Nathanson);0;4.4;27;adult;adventure;classic;crime;
Dirty Weekend (Helen Zahavi);0;3.9;33;adult;crime;mystery;satire;
Disappearing Acts (Terry McMillan);0;4.4;140;adult;mystery;romance;
Disclosure (Michael Crichton);0;4.4;215;adult;mystery;
The Disorientated Man (Peter Saxon);0;4.1;8;adult;histor;
A Distant Trumpet (Paul Horgan);0;4.4;15;adult;western;
Divine Secrets of the Ya-Ya Sisterhood (Rebecca Wells);0;4.0;1248;adult;classic;
Le Divorce (Diane Johnson);0;2.9;136;adult;adventure;crime;romance;satire;
Do Androids Dream of Electric Sheep? (Philip K. Dick);0;4.3;914;adult;
Doctor in the House (Richard Gordon);0;4.4;8;adult;comedy;satire;
Doctor Slaughter;0;4.5;2;adult;
Doctor Zhivago;0;4.0;86;adult;classic;histor;
Dodsworth;0;4.6;18;child;adventure;animal;
The Dogs of War;0;4.0;100;adult;adventure;mystery;
Dog Soldiers;0;3.8;86;adult;histor;
Don Quixote (The Ingenious Gentleman Don Quixote of La Mancha);0;4.3;950;adult;classic;
Don't Look and It Won't Hurt;0;4.7;6;teen;romance;
Don't Say a Word;0;4.4;1047;adult;mystery;romance;
The Dork of Cork;0;4.6;34;adult;
Double Indemnity;0;4.4;114;adult;mystery;
The Double Take;0;4.1;192;adult;mystery;romance;
Down Will Come Baby;0;2.5;2;adult;adventure;tragedy;
Dracula (Bram Stoker);0;4.4;1831;adult;classic;myth;romance;vampire;
The Dragon and the George;0;4.5;84;adult;fantasy;
Dragon Seed;0;4.5;108;adult;classic;fantasy;myth;
Dragons of Autumn Twilight;0;4.5;690;adult;fantasy;myth;
Dream Days;0;4.7;6;adult;
The Dream Master;0;3.5;18;adult;fantasy;
Dreamcatcher;0;3.5;815;adult;classic;mystery;
The Drift Fence;0;5.0;1;adult;adventure;histor;romance;western;
Dr. No;0;4.3;217;adult;adventure;mystery;
Drood;0;3.5;296;adult;histor;mystery;
The Drowning Pool;0;4.5;37;adult;mystery;
Drums Along the Mohawk;0;4.5;36;adult;classic;histor;
The Drums of Jeopardy;0;4.3;3;adult;
Duel in the Sun;0;4.3;59;adult;drama;histor;myth;
Dune;0;4.5;2622;adult;adventure;classic;fantasy;
The Dying Animal;0;3.9;92;adult;animal;
Dying Young;0;3.8;6;adult;
The Eagle Has Landed;0;4.5;218;adult;adventure;histor;mystery;
The Eagle of the Ninth;0;4.3;131;child;adventure;histor;mystery;
East of Eden;0;4.6;1246;adult;classic;histor;mystery;myth;
Eaters of the Dead;0;4.1;477;adult;mystery;tech;
Eddie and the Cruisers;0;4.3;39;adult;classic;mystery;
The Egyptian (Mika Waltari);0;4.5;299;adult;adventure;classic;histor;
The Egyptian Series (Wilbur Smith);0;4.8;4;adult;mystery;
Election (Tom Perrotta);0;3.9;87;adult;drama;histor;mystery;satire;
Elephant Walk;0;4.1;9;adult;
Elles n'oublient jamais;0;4.2;41;adult;histor;
Ellis Island (Fred Mustard Stewart);0;3.9;9;adult;
Elmer Gantry;0;4.4;128;adult;classic;
Emma;0;4.4;440;adult;
Emotional Arithmetic;0;5.0;2;adult;mystery;
Empire of the Sun;0;4.5;95;adult;classic;histor;
The Enchanted April;0;4.3;201;adult;classic;
The Enchanted Voyage;0;4.3;6;adult;adventure;fantasy;voyage;
The End of the Affair;0;4.3;230;adult;classic;histor;
Endless Love;0;3.8;119;adult;classic;romance;space;
Enduring Love;0;3.9;237;adult;mystery;
The Enemy Below;0;4.7;9;adult;
Enemy Mine;0;4.8;14;adult;fantasy;
The English Patient;0;4.0;429;adult;histor;
Enigma (Robert Harris);0;4.2;171;adult;histor;mystery;
The Entity (Frank De Felitta);0;4.0;37;adult;
Eragon;0;4.0;3748;child;adventure;fantasy;
Escape (Grace Zaring Stone);0;3.7;158;adult;romance;
Escape to Witch Mountain;0;4.3;38;child;adventure;classic;fantasy;mystery;sci-fi;
The Evening Star;0;4.2;16;adult;classic;satire;western;
Everybody's All-American;0;4.1;9;adult;
Everything Is Illuminated;0;3.7;613;adult;
Evil Come, Evil Go;0;4.0;4;adult;crime;mystery;
Evil Under the Sun;0;4.4;127;adult;classic;histor;mystery;
The Executioners;0;4.7;7;adult;adventure;mystery;
Executive Suite;0;4.4;7;adult;classic;drama;mystery;
Exit to Eden;0;3.9;179;adult;romance;
Exit Wounds;0;4.4;154;adult;crime;mystery;
Exodus;0;4.6;643;adult;drama;histor;
The Exorcist;0;4.6;544;adult;drama;
Experiment Perilous;0;4.0;1;adult;fantasy;histor;
Extension du domaine de la lutte;0;4.5;2;adult;
Extremely Loud and Incredibly Close;0;3.8;1340;teen;histor;
The Eye of the Beholder;0;4.4;69;adult;fantasy;myth;romance;
Eye of the Needle;0;4.5;1034;adult;histor;mystery;
Fahrenheit 451;0;4.2;2807;adult;classic;fantasy;
Fail-Safe;0;4.2;192;adult;mystery;
The Fair Bride;0;4.3;13;adult;western;
The Fall of a Nation;0;4.2;126;adult;drama;histor;
Falling Angel;0;4.2;199;adult;classic;mystery;
False Witness;0;4.2;16;adult;satire;
Family Business;0;4.6;676;adult;drama;
The Fan (Peter Abrahams);0;4.3;13;adult;mystery;
The Fan (Bob Randall);0;4.6;9;adult;
Fantastic Mr Fox;0;4.6;319;child;adventure;animal;classic;
Far from the Madding Crowd;0;4.1;518;adult;classic;histor;tragedy;
Farewell My Concubine;0;4.1;17;adult;
A Farewell to Arms;0;4.0;791;adult;classic;
Farewell to the King (L'Adieu au Roi);0;5.0;1;adult;
Fate Is the Hunter;0;4.9;270;adult;classic;histor;
Father Malachy's Miracle;0;5.0;1;adult;
Father of Frankenstein;0;4.6;21;adult;histor;
Father of the Bride;0;4.7;12;adult;classic;
Father Sky;0;3.0;6;adult;
Fear and Loathing in Las Vegas;0;4.5;892;adult;classic;
The Feather Men;0;3.8;49;adult;histor;mystery;
The Fellowship of the Ring;0;4.6;9095;adult;adventure;classic;fantasy;
Fever Pitch;0;4.3;180;adult;comedy;histor;
Fiddler's Green;0;4.8;40;adult;histor;
Fight Club;0;4.5;1373;adult;satire;
Fighting Caravans;0;4.5;6;adult;adventure;histor;mystery;western;
The Final Programme;0;4.3;23;adult;adventure;fantasy;sci-fi;
Fire on the Mountain;0;4.4;87;adult;
Firefox (Craig Thomas);0;4.5;22;adult;
Firestarter (Stephen King);0;4.3;328;adult;mystery;
The Firm (John Grisham);0;4.4;766;adult;crime;mystery;
First Blood;0;4.3;214;adult;
First Love, Last Rites;0;3.8;28;adult;classic;
The First Men in the Moon;0;3.4;7;adult;adventure;classic;fantasy;myth;romance;space;
The First Wives Club;0;4.5;484;adult;
The Five People You Meet in Heaven;0;4.2;2911;adult;
The Fixer;0;4.1;370;adult;crime;mystery;
Flashpoint;0;4.5;141;adult;
Fletch;0;4.6;45;adult;mystery;
Fletch Won;0;4.0;21;adult;crime;mystery;
Flight of the Intruder;0;4.5;142;adult;adventure;classic;mystery;
The Flight of the Phoenix;0;4.6;23;adult;classic;mystery;
Flowers in the Attic;0;4.4;1175;adult;tragedy;
Focus (Arthur Miller);0;4.7;16;adult;
The Food of the Gods and How It Came to Earth;0;3.9;36;adult;animal;fantasy;
The Fool of the Family;0;3.9;287;adult;mystery;romance;
For Love of the Game;0;4.0;80;adult;adventure;classic;
For Whom the Bell Tolls;0;4.3;755;adult;classic;
The Forbidden Territory;0;4.5;6;adult;adventure;mystery;
Force 10 From Navarone;0;4.4;86;adult;adventure;histor;
Forever Amber;0;4.3;450;adult;histor;romance;
The Forever War;0;4.3;1634;adult;classic;fantasy;space;
Forlorn River;0;4.8;10;adult;
The Formula (Steve Shagan);0;4.3;3;adult;
Forrest Gump;0;4.0;307;adult;classic;histor;satire;
The Forsyte Saga;0;4.6;105;adult;
The Fountainhead;0;4.2;1814;adult;classic;
The Four Feathers;0;4.2;89;adult;
The Fourth Protocol;0;4.4;85;adult;mystery;western;
The Fox and the Hound;0;4.6;24;child;animal;
F.P.1 Doesn't Answer;0;4.1;16;adult;classic;histor;
Frank Merriwell;0;5.0;1;adult;
Frankenstein (Mary Shelley);0;4.2;1533;adult;classic;myth;
Freaky Friday;0;4.2;68;child;
Freedomland;0;3.2;95;adult;crime;mystery;
The French Lieutenant's Woman;0;4.1;115;adult;classic;drama;mystery;
Fried Green Tomatoes at the Whistle Stop Cafe;0;4.7;631;adult;classic;mystery;
Friend (Diana Henstell);0;4.5;4;adult;
The Friendly Persuasion;0;4.3;26;teen;classic;
From Here to Eternity;0;4.1;186;adult;classic;histor;
From Russia, with Love;0;4.4;236;adult;adventure;classic;crime;mystery;
From the Earth to the Moon;0;4.0;47;adult;adventure;classic;fantasy;satire;space;
From the Terrace;0;4.5;16;adult;
Funeral in Berlin;0;4.3;38;adult;classic;mystery;
Funny Farm;0;4.6;14;child;animal;
The Furies (Niven Busch);0;4.0;1;adult;adventure;western;
The Fury (John Farris);0;4.3;3;adult;mystery;
The Game of X;0;5.0;7;adult;fantasy;satire;
Garden of Allah;0;4.3;322;adult;classic;histor;
Gardens of Stone;0;4.8;24;adult;
The Gay Sisters;0;5.0;2;adult;
Gentle Annie;0;4.4;16;child;histor;
Gentlemen Prefer Blondes;0;4.1;7;adult;classic;
David Walker;0;5.0;4;adult;histor;
Georgy Girl;0;3.8;4;adult;
Get Shorty;0;3.9;95;adult;adventure;crime;mystery;
The Getaway (Jim Thompson);0;4.2;38;adult;classic;crime;mystery;
The Ghost (Robert Harris);0;3.9;296;adult;histor;mystery;
The Ghost and Mrs. Muir;0;4.6;127;adult;classic;mystery;romance;satire;
Giant (Edna Ferber);0;4.2;69;adult;classic;histor;western;
Gigi;0;4.6;8;child;adventure;
The Girl Who Leapt Through Time;0;3.2;16;teen;fantasy;space;
Girl with a Pearl Earring (Tracy Chevalier);0;4.1;1163;adult;histor;
The Girls' Guide to Hunting and Fishing;0;3.6;655;adult;
The Glass Inferno;0;4.1;9;adult;
Glitz;0;4.0;22;adult;crime;mystery;
Glory for Me;0;5.0;4;adult;
Gnomes (Wil Huygen and Rien Poortvliet);0;4.8;204;adult;histor;myth;
The Gnomobile;0;4.5;2;adult;
The Go-Between;0;4.6;48;adult;
God and My Country;0;5.0;2;adult;
The Godfather (Mario Puzo);0;4.7;966;adult;classic;crime;
Gods and Generals;0;4.2;419;adult;classic;histor;
The Gods Hate Kansas;0;4.2;4;adult;classic;fantasy;
God's Little Acre;0;3.6;65;adult;classic;
Gold Coast;0;4.3;676;adult;mystery;
Gold Mine (Wilbur Smith);0;4.0;62;adult;adventure;mystery;
The Golden Bowl;0;3.1;19;adult;
The Golden Evenings of Summer;0;5.0;4;adult;
Goldfinger;0;4.3;172;adult;adventure;mystery;
Gone with the Wind;0;4.8;2020;adult;classic;histor;
The Good Earth (Pearl S. Buck);0;4.4;1029;adult;classic;histor;
The Good German;0;4.0;270;adult;histor;mystery;
A Good Year (Peter Mayle);0;4.1;153;adult;mystery;
Goodbye, Mr. Chips;0;4.1;97;child;classic;
Gorky Park;0;4.5;176;adult;adventure;mystery;
Grand Canary;0;3.3;3;adult;classic;
The Grapes of Wrath;0;4.5;1667;adult;classic;drama;histor;
The Great Bank Robbery;0;4.6;28;adult;classic;histor;mystery;
The Great Dinosaur Robbery;0;3.5;2;adult;classic;comedy;histor;satire;
Great Expectations;0;4.1;1155;adult;classic;crime;drama;
The Great Gatsby;0;4.2;5647;adult;classic;
The Great Santini;0;4.3;586;adult;mystery;
The Great Train Robbery;0;4.4;234;adult;adventure;classic;crime;histor;mystery;
William "Buffalo Bill" Cody;0;4.3;14;adult;
Green for Danger;0;4.4;25;adult;histor;mystery;
Green Mansions;0;4.2;37;adult;
The Green Mile;0;4.8;1304;adult;classic;crime;drama;
The Green Years;0;4.7;10;adult;
The Greengage Summer;0;4.5;20;teen;romance;
Grendel (John Gardner);0;4.1;296;adult;fantasy;histor;myth;
The Grifters;0;4.3;55;adult;crime;mystery;
The Grizzly King;0;4.8;18;adult;
The Grotesque (Patrick McGrath);0;4.0;18;adult;comedy;
The Group (Mary McCarthy);0;3.3;300;adult;classic;drama;satire;tragedy;
Gruesome School;0;4.4;7;child;
The Guilty Head;0;4.0;1;adult;
Gulliver's Travels;0;4.2;550;adult;classic;fantasy;
The Guns of Navarone;0;4.4;86;adult;classic;
Guns of the Timberland;0;4.6;52;adult;histor;western;
H.M. Pulham, Esquire;0;5.0;2;adult;comedy;histor;satire;
A Hall of Mirrors;0;4.1;16;adult;
The Hamlet (William Faulkner);0;4.3;39;adult;classic;tragedy;
The Handmaid's Tale;0;4.1;2074;adult;fantasy;satire;
Hannibal (Thomas Harris);0;3.1;2938;adult;crime;mystery;
Happy Land (MacKinlay Kantor);0;5.0;1;adult;
The Harder They Fall;0;4.1;19;adult;histor;
Harry Black;0;4.4;859;adult;mystery;
Harry Potter;0;4.5;3148;child;fantasy;
Harry Potter and the Philosopher's Stone;1;4.8;11225;child;wizard;
Harry Potter and the Chamber of Secrets;0;4.7;6613;teen;wizard;
Harry Potter and the Prisoner of Azkaban;0;4.8;10692;child;
Harry Potter and the Goblet of Fire;0;4.8;6935;teen;fantasy;wizard;
Harry Potter and the Order of the Phoenix;0;4.5;7525;teen;fantasy;
Harry Potter and the Half-Blood Prince;0;4.5;5275;teen;fantasy;
Harry Potter and the Deathly Hallows;0;4.8;10692;teen;adventure;fantasy;mystery;
Hart's War;0;4.5;122;adult;histor;mystery;
The Harvey Girls;0;4.6;39;adult;histor;
Hating Alison Ashley;0;4.5;13;child;
Hatter's Castle;0;4.3;32;adult;classic;histor;
The Haunting of Hill House;0;4.0;717;adult;classic;histor;mystery;
Hawaii (James A. Michener);0;4.6;755;adult;classic;histor;
He Ran All the Way;0;4.1;15;adult;classic;myth;
Header (Edward Lee);0;3.9;57;adult;classic;
Headhunters (Jules Bass);0;2.6;21;adult;romance;
The Heart of the Matter;0;4.6;135;adult;classic;histor;
The Heaven Sword and Dragon Saber;0;4.0;6;teen;adventure;fantasy;
Heidi;0;4.7;284;adult;
Hell House (Richard Matheson);0;3.8;447;adult;
The Hellbound Heart;0;4.4;251;adult;
Heller with a Gun;0;4.3;21;adult;adventure;histor;western;
The Help (Kathryn Stockett);0;4.7;9216;adult;histor;
The Heritage of the Desert;0;4.3;88;adult;
The High and the Mighty (Ernest K. Gann);0;4.6;17;adult;
High Fidelity;0;4.2;629;adult;
The History of Mr. Polly;0;3.9;37;adult;fantasy;
The History of Tom Jones, a Foundling;0;4.3;135;adult;drama;
A History of Violence;0;3.6;37;adult;crime;histor;mystery;
The Hitchhiker's Guide to the Galaxy;0;4.4;1737;adult;adventure;fantasy;space;
The Hobbit;0;4.7;8627;teen;adventure;classic;fantasy;wizard;
The Holcroft Covenant;0;4.2;59;adult;adventure;mystery;
The Holy Innocents;0;4.8;4;adult;
Hombre (Elmore Leonard);0;4.4;110;adult;classic;crime;mystery;western;
The Home and the World;0;3.7;10;adult;classic;histor;
The Honorary Consul;0;4.1;22;adult;classic;drama;histor;
Hopalong Cassidy;0;4.4;25;adult;
Horrid Henry;0;4.2;31;child;adventure;classic;
Horseman, Pass By;0;4.1;74;adult;classic;western;
The Host (Stephenie Meyer);0;4.4;5867;adult;fantasy;romance;
The Hot Rock;0;4.1;183;adult;mystery;
The Hound of the Baskervilles;0;4.3;610;adult;animal;classic;mystery;
The Hound of Florence;0;5.0;1;child;animal;classic;fantasy;
The Hour Before Dawn;0;5.0;1;adult;histor;
The Hours (Michael Cunningham);0;4.0;645;adult;
How Green Was My Valley;0;4.7;241;adult;histor;
Howards End;0;4.1;194;teen;classic;
The Howling;0;4.2;53;adult;fantasy;histor;
The Human Stain;0;3.9;303;adult;classic;histor;
The Hunchback of Notre-Dame;0;4.3;229;adult;classic;romance;
The Hundred and One Dalmatians;0;4.6;80;child;animal;classic;
The Hunger Games;0;4.6;24286;child;adventure;fantasy;romance;
Catching Fire;0;4.7;16583;child;fantasy;
Mockingjay;0;4.3;19928;child;adventure;fantasy;histor;
The Hunt for Red October;0;4.5;792;adult;histor;mystery;tech;
The Hunter (Donald E. Westlake);0;4.2;138;adult;histor;mystery;
The Hustler (Walter Tevis);0;4.4;45;adult;classic;
I Am Legend;0;4.2;1283;adult;
I Am Number Four;0;4.2;1245;teen;adventure;fantasy;
I Know What You Did Last Summer;0;4.1;293;teen;classic;fantasy;
I Love You, Beth Cooper;0;4.0;102;adult;satire;
Ice Station Zebra;0;4.5;61;adult;adventure;classic;crime;mystery;
If I Die Before I Wake;0;4.6;103;child;histor;
The IPCRESS File;0;3.7;32;adult;classic;mystery;
The Illustrated Man;0;4.3;431;adult;classic;fantasy;tech;
Im Westen Nichts Neues;0;4.8;9;adult;
Imagining Argentina;0;4.5;30;adult;
Immortality, Inc.;0;3.6;11;adult;fantasy;
An Imperfect Lover;0;5.0;2;adult;
In Country (Bobbie Ann Mason);0;3.6;63;adult;histor;
The Incredible Journey;0;4.3;199;child;animal;classic;
Incubus (Ray Russell);0;4.5;6;adult;
Indian Country (Dorothy M. Johnson);0;5.0;1;adult;western;
The Innocent (Ian McEwan);0;3.9;134;adult;histor;
In Search of the Castaways;0;4.0;37;adult;
Interview with the Vampire;0;4.3;959;adult;mystery;myth;vampire;
The Investigation (Dorothy Uhnak);0;4.3;3;adult;mystery;
The Invisible Man (H.G. Wells);0;4.1;82;adult;classic;fantasy;
In the Heat of the Night;0;4.5;74;adult;classic;crime;histor;mystery;
Rumer Godden;0;4.7;122;adult;classic;
The Iron Man (Ted Hughes);0;4.6;16;child;space;
The Iron Trail;0;4.3;329;child;adventure;fantasy;
The Island;0;4.4;439;adult;histor;
Island in the Sky;0;4.5;20;adult;adventure;
The Island of Doctor Moreau;0;4.0;25;adult;classic;
Islands in the Stream;0;4.2;166;adult;adventure;classic;
It (Stephen King);1;4.3;334;adult;crime;mystery;
It Can't Happen Here;0;4.2;87;adult;classic;crime;satire;
Ivanhoe;0;4.3;381;adult;adventure;classic;histor;romance;
Jack in the Box (William Kotzwinkle);0;3.2;4;adult;
Jack's Return Home;0;4.0;30;adult;crime;mystery;
James and the Giant Peach;0;4.6;631;child;adventure;classic;fantasy;
Jane Eyre;0;4.7;669;adult;
Norah Lofts;0;4.4;19;adult;drama;histor;tragedy;
Jaws;0;3.9;431;adult;adventure;classic;crime;histor;mystery;
The Jewel of Seven Stars;0;3.6;14;adult;
Jim Kane;0;4.6;13;adult;western;
Jimmy the Kid (Donald E. Westlake);0;4.5;49;adult;comedy;crime;mystery;
Jitter Joint;0;3.9;15;adult;crime;mystery;
Johnny Tremain;0;4.1;613;child;adventure;classic;histor;
Josepha;0;4.5;6;adult;fantasy;
Journal d'un curé de campagne;0;5.0;1;adult;classic;
A Journey to Matecumbe;0;4.4;8;adult;adventure;
Journey to Shiloh;0;5.0;1;adult;western;
Journey to the West;0;4.6;39;adult;adventure;classic;fantasy;satire;
The Joy Luck Club;0;4.2;820;adult;histor;mystery;tragedy;
Jude the Obscure;0;4.1;223;adult;classic;histor;
Jumanji;0;4.5;110;child;myth;
The Jungle Book;0;4.4;768;adult;adventure;animal;myth;
Jupiter Laughs;0;5.0;1;adult;fantasy;
Jurassic Park;0;4.6;1681;adult;classic;fantasy;mystery;tech;
The Jungle (Upton Sinclair);0;4.1;409;adult;
Justine (Lawrence Durrell);0;4.2;206;adult;classic;histor;romance;
Kaitei Gunkan;0;4.4;133;adult;adventure;fantasy;histor;tech;
Kenka erejii;0;4.3;3;adult;histor;
The Keys of the Kingdom;0;4.8;55;adult;adventure;classic;histor;
Kidnapped (Robert Louis Stevenson);0;4.1;247;adult;
The King's Damosel;0;4.0;4;adult;
King Solomon's Mines;0;4.4;368;adult;
King's Ransom;0;4.7;208;adult;drama;histor;
Kings Go Forth;0;4.5;2;adult;
The Killer Angels;0;4.7;1476;adult;adventure;classic;drama;histor;
The Killer Inside Me;0;4.1;174;adult;crime;
Kipps;0;3.7;3;adult;
Kiss of the Spider Woman;0;4.4;45;adult;
Kiss the Girls;0;4.3;882;adult;crime;mystery;
Kiss Tomorrow Goodbye;0;4.8;30;adult;classic;
The Klansman (William Bradford Huie);0;5.0;4;adult;
Kolchak: The Kolchak Papers;0;3.5;12;adult;mystery;
Kowloon Tong;0;2.7;40;adult;
L.A. Confidential;0;4.2;202;adult;crime;mystery;
Lad, A Dog;0;4.7;62;adult;
Lady Audley's Secret;0;4.3;12;adult;classic;crime;histor;mystery;
Lady L;0;5.0;3;adult;
The Lady of the Camellias;0;4.1;53;adult;classic;
The Lair of the White Worm;0;2.7;37;adult;
The Land That Time Forgot;0;4.5;56;adult;
Lassie Come-Home;0;4.6;49;child;adventure;animal;
The Last Days of Pompeii;0;3.6;35;adult;
The Last Detail;0;4.7;12;adult;tragedy;
The Last Hunt;0;4.0;35;child;adventure;fantasy;myth;
The Last of the Duanes;0;4.5;149;adult;classic;romance;western;
The Last of the Mohicans;0;3.9;280;adult;adventure;classic;histor;
The Last Picture Show;0;4.1;173;adult;western;
The Last Ride;0;4.6;8839;adult;romance;
The Last Song;0;4.5;1032;adult;romance;
Last Stand at Papago Wells;0;4.5;44;adult;adventure;histor;western;
Last Stand at Saber River;0;3.8;19;adult;crime;mystery;western;
The Last Unicorn (Peter S. Beagle);0;4.5;547;adult;classic;fantasy;myth;
The Late George Apley;0;4.7;23;adult;classic;drama;
Lay This Laurel;0;4.3;3;adult;histor;
Layer Cake;0;3.8;678;adult;
Laura;0;4.3;39;adult;classic;mystery;romance;voyage;
Law and Order;0;4.5;29;adult;drama;histor;
The Law at Randado;0;4.4;50;adult;crime;mystery;western;
Lawyer Man;0;4.8;18;adult;
Leaving Cheyenne;0;4.1;84;adult;western;
The Ledger;0;4.6;45;adult;histor;
Left Behind;0;4.1;3182;adult;fantasy;
Legion (William Peter Blatty);0;3.9;91;adult;classic;crime;mystery;
Lemonade Mouth;0;4.4;27;child;histor;
The Leopard (Giuseppe Tomasi di Lampedusa);0;4.4;184;adult;drama;histor;
Less Than Zero;0;3.5;364;adult;
Let the Right One In;0;4.3;474;adult;fantasy;myth;vampire;
Letter to Five Wives;0;2.0;1;adult;
Let Me Count the Ways;0;4.0;7;adult;myth;
Les Liaisons dangereuses;0;4.5;80;adult;classic;histor;
The Life Before Us;0;4.6;30;adult;classic;
Life of Pi;0;4.3;6336;teen;adventure;animal;
The Lincoln Lawyer;0;4.5;1243;adult;crime;mystery;
Little Dorrit;0;4.4;251;adult;classic;histor;
The Lizard's Tail;0;5.0;4;adult;fantasy;histor;satire;
The Life and Opinions of Tristram Shandy, Gentleman;0;3.5;31;adult;
The Light in the Forest;0;3.4;239;child;classic;histor;
The Light of Western Stars;0;4.4;116;adult;
Like a Fire is Burning;0;5.0;28;adult;drama;histor;
Little Caesar;0;4.4;9;adult;histor;mystery;
The Little Drummer Girl;0;4.2;109;adult;mystery;
The Little White Horse;0;4.6;166;child;animal;fantasy;myth;tragedy;
Live and Let Die;0;4.2;256;adult;adventure;crime;mystery;
Loaded (Christos Tsiolkas);0;3.7;18;adult;
Lobo;0;3.6;11;adult;
Logan's Run;0;4.8;10;adult;classic;fantasy;
Lolita;0;4.3;1060;adult;classic;
The Lone Star Ranger;0;4.5;13;adult;adventure;myth;western;
The Long Goodbye;0;4.4;259;adult;mystery;
The Looters;0;3.4;5;adult;crime;mystery;
Lord Jim;0;4.1;194;adult;classic;histor;mystery;
Lord of the Flies;0;4.0;2514;adult;adventure;classic;mystery;myth;
The Lord of the Rings;0;4.6;9095;teen;classic;fantasy;wizard;
The Lords of Discipline;0;4.6;608;adult;mystery;
Lost Horizon;0;4.4;379;adult;classic;romance;
The Lost Ones;0;4.2;124;adult;adventure;crime;mystery;
The Lost Symbol;0;3.4;4876;adult;histor;mystery;
The Lost World (Arthur Conan Doyle);0;4.5;515;adult;classic;fantasy;
The Lost World (Michael Crichton);0;4.1;936;adult;adventure;crime;mystery;
Lottie and Lisa;0;4.8;17;child;adventure;mystery;
The Loved One;0;4.3;24;adult;satire;
Love Story (Erich Segal);0;4.4;193;adult;
The Lovely Bones;0;3.9;3933;adult;mystery;
The Luck of Barry Lyndon;0;4.7;21;adult;adventure;classic;
The Lucky One;0;4.4;1697;adult;romance;
The Lusty Men;0;5.0;1;adult;
MacKenna's Gold;0;3.4;5;adult;
Madame Doubtfire;0;4.5;2;child;
The Maddening;0;4.2;48;adult;histor;romance;
The Magic Bed Knob;0;4.4;44;child;adventure;classic;fantasy;
The Magician (W. Somerset Maugham);0;3.9;27;adult;
Magnificent Obsession;0;4.6;73;adult;drama;
Martin Eden;0;4.4;66;adult;classic;histor;
Make Room! Make Room!;0;3.9;113;adult;classic;fantasy;
The Maltese Falcon;0;4.2;469;adult;mystery;
The Man Called Noon;0;4.6;177;adult;western;
Marvin H. Albert;0;4.0;2;adult;
The Man in Black;0;4.3;24;adult;
Man on Fire;0;4.5;88;adult;adventure;crime;mystery;
The Man Who Fell to Earth;0;4.4;98;adult;adventure;fantasy;space;tragedy;
The Man Who Never Was;0;5.0;1;adult;classic;histor;
The Man with the Golden Gun;0;4.0;100;adult;adventure;mystery;
The Man Without a Face;0;3.9;235;adult;classic;histor;
Man Without a Star;0;4.0;1;adult;classic;
The Manchurian Candidate;0;3.8;92;adult;mystery;
Manon des Sources;0;5.0;3;adult;
Marnie;0;5.0;22;adult;animal;classic;
Mary Poppins;0;4.3;577;child;classic;fantasy;
MASH: A Novel About Three Army Doctors;0;4.6;175;adult;histor;
Marathon Man;0;4.2;113;adult;classic;mystery;
The Matarese Circle;0;4.3;206;adult;adventure;mystery;
Matilda (Roald Dahl);0;4.7;893;child;adventure;classic;fantasy;
Maurice (E. M. Forster);0;4.6;101;adult;classic;romance;
The Mayor of Casterbridge;0;4.2;255;adult;classic;drama;histor;mystery;
McTeague;0;4.0;20;adult;classic;histor;mystery;romance;
The Medusa Touch;0;5.0;1;adult;mystery;
The Memoirs of Cleopatra;0;4.4;444;adult;histor;
The Mephisto Waltz;0;4.5;8;adult;
Mercy Island;0;4.3;103;adult;histor;mystery;
Merton of the Movies;0;4.8;4;adult;
Message in a Bottle;0;3.9;1208;adult;mystery;romance;
Midnight and Jeremiah;0;4.6;5;adult;
A Midnight Clear;0;4.5;11;adult;
The Midwich Cuckoos;0;4.0;72;adult;classic;fantasy;
Mildred Pierce;0;4.4;123;adult;mystery;
Millennium (John Varley);0;4.1;32;adult;fantasy;
The Girl with the Dragon Tattoo (Millennium series) (Stieg Larsson);0;4.0;5540;adult;mystery;
The Girl Who Played with Fire (Millennium series) (Stieg Larsson);0;4.5;3676;adult;mystery;
The Girl Who Kicked the Hornets' Nest (Millennium series) (Stieg Larsson);0;4.5;4102;adult;crime;mystery;
Mine-Haha, or On the Bodily Education of Young Girls;0;4.0;4;adult;classic;fantasy;
The Mirror Crack'd from Side to Side;0;4.1;66;adult;histor;mystery;
Les Miserables;0;4.7;459;adult;classic;crime;drama;
Misery (Stephen King);0;4.6;643;adult;
Miss Lonelyhearts;0;4.3;3;adult;classic;
Moby-Dick;0;4.1;1180;adult;adventure;classic;western;
Moderato Cantabile;0;4.0;6;adult;
The Molly Maguires;0;2.8;9;adult;histor;
Monkey in the Middle;0;5.0;2;adult;
The Monster from Earth's End;0;3.0;2;adult;
The Moon and Sixpence;0;4.4;41;adult;classic;histor;
Moonraker;0;4.4;237;adult;adventure;mystery;
The Moon-Spinners;0;4.7;83;adult;mystery;romance;
The Moonstone;0;4.2;546;adult;classic;crime;drama;histor;mystery;tech;
The Mortal Instruments;0;4.9;17;teen;fantasy;romance;
Le Morte d'Arthur;0;4.3;14;adult;adventure;classic;histor;myth;
The Mosquito Coast;0;4.2;138;adult;adventure;
Mother Carey's Chickens;0;4.5;35;adult;classic;
Mother Night;0;4.6;277;adult;satire;
A Mother's Gift;0;3.6;100;child;
The Moving Target;0;4.2;45;adult;adventure;crime;mystery;
Mr. Hobbs' Vacation;0;4.2;5;adult;drama;
Mrs. Frisby and the Rats of NIMH;0;4.6;507;child;animal;classic;fantasy;
Mrs McGinty's Dead;0;4.5;77;adult;crime;histor;mystery;
Mud on the Stars';0;3.0;1;adult;histor;
La Mujer de mi Hermano;0;3.0;3;adult;
A Mule for the Marquesa;0;4.0;7;adult;western;
Murder in Amityville;0;2.2;6;adult;
Murder on the Orient Express;0;4.5;569;adult;crime;histor;mystery;
Murphy’s Romance: A Novel;0;3.4;7;adult;western;
Mute Witness;0;3.6;5;adult;classic;crime;mystery;
My Antonia;0;4.4;195;adult;classic;
My Philadelphia Father;0;5.0;2;adult;
My Friend Flicka;0;4.6;66;child;animal;classic;
My Kingdom for a Woman;0;4.2;196;adult;histor;
My Reminiscences as a Cowboy;0;3.0;1;adult;
The Mystery of Edwin Drood;0;3.5;60;adult;histor;
The Mysterious Island;0;4.1;56;adult;adventure;classic;fantasy;mystery;tech;voyage;
Mystic River;0;4.3;904;adult;crime;mystery;
The Name of the Rose;0;4.3;530;adult;classic;histor;mystery;
The Naked and the Dead;0;4.0;154;adult;
The Naked Face;0;4.1;54;adult;mystery;
Naked Lunch;0;3.2;155;adult;satire;
The Nanny (Dan Greenburg);0;5.0;1;adult;
The Nanny Diaries;0;3.6;1461;adult;
The Natural (Bernard Malamud);0;3.8;190;adult;classic;myth;
National Velvet;0;4.4;7;child;classic;
Nest in a Fallen Tree;0;4.9;27;child;adventure;animal;fantasy;
The Net (Rex Beach);0;3.0;1;adult;
Nevada (Zane Grey);0;5.0;1;adult;adventure;romance;western;
Never Cry Wolf;0;4.4;212;adult;animal;classic;
The Neverending Story;0;4.7;527;child;adventure;classic;fantasy;
Nicholas Nickleby;0;4.6;84;adult;
The Nick Adams Stories;0;4.2;68;adult;classic;
Night and the City;0;4.3;7;adult;classic;histor;mystery;
Night Has a Thousand Eyes;0;4.1;19;adult;classic;crime;mystery;
The Night of the Generals;0;4.2;12;adult;crime;histor;
The Night of the Hunter;0;4.7;3;adult;classic;crime;histor;mystery;
The Night of the Iguana;0;4.1;16;adult;drama;myth;western;
Night Shift (Maritta Wolff);0;4.3;7;adult;
Nightmare (Cornell Woolrich);0;3.0;1;adult;mystery;
Nightmare Alley;0;4.3;48;adult;crime;mystery;
Nights in Rodanthe;0;3.9;571;adult;mystery;romance;
Nightwing;0;4.3;117;adult;mystery;
Nine and a Half Weeks: A Memoir of a Love Affair;0;4.7;3;adult;
Nineteen Eighty-Four;0;4.5;3969;adult;classic;fantasy;satire;
The Ninth Configuration;0;4.4;27;adult;mystery;
No Country for Old Men;0;4.1;812;adult;adventure;crime;mystery;
No Down Payment;0;3.0;1;adult;
No Orchids for Miss Blandish;0;3.6;31;adult;crime;mystery;
No se lo Digas a Nadie;0;5.0;1;adult;classic;
Nobody Loves a Drunken Indian;0;5.0;20;adult;
Northwest Passage;0;4.5;56;adult;classic;histor;
Nostromo;0;4.2;12;adult;classic;histor;
The Notebook (Nicholas Sparks);0;4.2;2443;adult;histor;romance;tragedy;
Nothing Lasts Forever;0;4.2;104;adult;adventure;mystery;
Nurse Matilda;0;4.4;32;child;classic;fantasy;
Odd Man Out;0;3.9;82;adult;histor;
Odds Against Tomorrow;0;3.6;70;adult;mystery;
Odyssey (Homer);0;4.4;134;adult;fantasy;histor;
Audition (Ryu Murakami);0;3.8;31;adult;classic;mystery;
Of Human Bondage;0;4.5;534;adult;adventure;classic;
Of Mice and Men;0;4.4;2274;adult;classic;tragedy;
Oil! (Upton Sinclair);0;4.0;83;adult;classic;
The Old Curiosity Shop;0;4.1;146;adult;
The Old Man and the Sea;0;4.2;1656;adult;classic;
Old Yeller;0;4.7;441;child;animal;histor;western;
Oliver Twist;0;4.3;199;adult;classic;histor;
Oliver's Story;0;4.3;24;adult;classic;
Oms en serie;0;5.0;1;adult;
On Her Majesty's Secret Service;0;4.6;162;adult;adventure;crime;mystery;
On Stranger Tides;0;4.3;129;adult;adventure;fantasy;histor;
One Flew Over the Cuckoo's Nest;0;4.4;877;adult;classic;mystery;
One for the Money;0;4.4;1843;adult;comedy;mystery;romance;satire;
One Gallant Rush;0;4.6;10;adult;histor;
One Hundred Years Ahead;0;4.0;3;adult;histor;
One Shot;0;4.5;1629;adult;crime;mystery;
One Thousand and One Nights;0;4.7;90;adult;adventure;animal;histor;myth;
The Onion Field;0;4.6;89;adult;crime;
Lauran Paine;0;5.0;3;adult;western;
Ordinary People;0;4.2;207;adult;
Orlando: A Biography;0;4.1;122;adult;classic;
The Osterman Weekend;0;3.8;43;adult;mystery;
The Other Boleyn Girl;0;4.4;1506;adult;drama;histor;romance;
The Other One (Catherine Turney);0;4.4;19;adult;
The Other Side of Midnight;0;4.6;197;adult;mystery;
Our Girl Friday;0;4.7;59;adult;classic;
Our Man in Havana;0;4.3;72;adult;classic;histor;mystery;satire;
Out of Sight (Elmore Leonard);0;4.0;96;adult;mystery;
An Outcast of the Islands;0;3.6;14;adult;
The Outsiders (S. E. Hinton);0;4.6;2663;teen;classic;drama;
Over the River;0;3.8;12;child;animal;classic;
The Ox-Bow Incident;0;4.0;96;adult;adventure;classic;histor;tragedy;western;
A Painted Devil;0;4.3;9;adult;
A Painted House;0;4.0;1603;adult;adventure;mystery;
The Painted Veil;0;4.4;220;adult;classic;
Parineeta;0;3.5;4;adult;classic;romance;
Les Particules Elementaires;0;4.6;5;adult;
Paso por aqui;0;4.8;5;adult;classic;histor;western;
A Passage to India;0;4.0;245;adult;classic;
Patriot Games;0;4.3;409;adult;adventure;mystery;
The Peacock Spring;0;4.7;9;teen;
The Pelican Brief;0;4.1;451;adult;crime;mystery;
The Penal Colony (Richard Herley);0;4.3;376;adult;adventure;mystery;
The People That Time Forgot;0;4.4;36;adult;
Percy Jackson and the Olympians;0;4.8;1321;child;adventure;fantasy;myth;
Perfect Little Angels;0;3.3;18;adult;mystery;
Pet Sematary;0;4.5;750;adult;classic;mystery;
Peter Pan, or The Boy Who Wouldn't Grow Up;0;3.6;38;child;adventure;classic;fantasy;
Peyton Place;0;4.2;236;adult;histor;
The Phantom Crown: The Story of Maximilian & Carlota of Mexico;0;5.0;1;adult;histor;
Phantom Lady;0;2.8;4;adult;crime;
The Phantom of the Opera;0;4.4;304;adult;classic;
Pharaoh (Boleslaw Prus);0;4.9;9;adult;
The Philadelphian;0;4.7;17;adult;classic;mystery;
The Pickwick Papers;0;4.2;223;adult;adventure;classic;histor;
The Picture of Dorian Gray;0;4.3;1017;adult;classic;crime;mystery;
The Pillar of Light;0;4.7;57;adult;
Pin (Andrew Neiderman);0;4.0;14;adult;
Pioneer, Go Home!;0;4.7;39;adult;adventure;comedy;drama;satire;
The Pirates! (Gideon Defoe);0;4.7;38;adult;adventure;satire;
La Planete des singes;0;5.0;1;adult;
The Polar Express;0;4.7;1000;child;classic;
Pollyanna;0;4.6;564;child;classic;
Le Pont de la Riviere Kwai;0;2.0;1;adult;
Poodle Springs;0;3.5;48;adult;drama;mystery;
The Pope of Greenwich Village;0;4.3;12;adult;crime;mystery;
Popioi i diament;0;4.1;12;adult;
Portnoy's Complaint;0;3.9;221;adult;fantasy;
Portrait of Jennie;0;4.6;84;adult;fantasy;space;
The Poseidon Adventure;0;3.9;29;adult;adventure;voyage;
The Positronic Man;0;4.6;33;adult;fantasy;
Possession: A Romance;0;4.0;351;adult;mystery;romance;
The Postman (David Brin);0;4.2;260;adult;drama;fantasy;
The Postman Always Rings Twice;0;4.4;140;adult;classic;mystery;
The Power (Frank M. Robinson);0;4.3;10;adult;classic;fantasy;
The Power and the Glory;0;4.4;188;adult;classic;histor;
The Power of One;0;4.6;621;adult;adventure;drama;histor;
Presumed Innocent;0;4.1;277;adult;crime;mystery;
Pride and Prejudice;0;4.6;2601;adult;classic;drama;
The Prince and the Pauper;0;4.2;161;adult;classic;histor;satire;
The Prince of Tides;0;4.5;893;adult;drama;
The Princess Bride;0;4.4;1710;adult;adventure;classic;fantasy;romance;satire;
The Princess Diaries;0;4.5;630;teen;
A Princess of Mars;0;4.5;976;adult;adventure;classic;fantasy;romance;space;western;
The Prisoner of Zenda;0;4.4;56;adult;
Promise at Dawn;0;4.6;16;adult;classic;
Pronto (Elmore Leonard);0;4.2;199;adult;crime;mystery;
Psycho (Robert Bloch);0;4.5;223;adult;classic;crime;mystery;
Psycho II;0;3.3;14;adult;mystery;
The Puppet Masters;0;4.4;156;adult;adventure;fantasy;space;
The Purple Cloud;0;4.1;30;adult;classic;fantasy;histor;
QB VII;0;4.5;148;adult;drama;histor;
The Queen of the Damned;0;4.3;375;adult;mystery;myth;vampire;
Quentin Durward;0;4.6;9;adult;
The Quick and the Dead;0;4.4;18;adult;western;
The Quiet American;0;4.4;270;teen;classic;histor;
Radio Free Albemuth;0;4.1;49;adult;adventure;fantasy;histor;
Ragtime;0;4.2;293;adult;classic;fantasy;histor;
Ramrod;0;4.8;4;adult;western;
Raiders of Spanish Peaks;0;4.8;5;adult;western;
Rain (V.C. Andrews);0;3.7;137;adult;classic;romance;
The Rainbird Pattern;0;3.0;3;adult;
The Rainbow (D. H. Lawrence);0;3.7;26;adult;
The Rainbow Trail;0;4.5;133;adult;
The Rainmaker;0;4.4;698;adult;mystery;
Raise the Titanic!;0;4.4;373;adult;adventure;
Random Hearts;0;3.3;27;adult;classic;
Rascal;0;4.5;114;child;adventure;animal;
Ratman's Notebooks;0;4.8;13;adult;classic;
The Razor's Edge;0;4.5;386;teen;classic;
The Reader;0;3.7;1149;adult;crime;romance;
Rebecca;0;4.4;1262;adult;classic;romance;
The Rebel Outlaw: Josey Wales;0;4.7;165;adult;western;
Red Alert;0;4.3;58;adult;mystery;
Red Dragon (Thomas Harris);0;4.4;739;adult;crime;mystery;
Red Hugh: Prince of Donegal;0;4.7;10;child;adventure;drama;histor;
The Red Pony;0;3.3;258;adult;classic;
Reflections in a Golden Eye;0;4.1;36;adult;classic;drama;
The Reincarnation of Peter Proud;0;4.7;25;adult;classic;mystery;romance;tragedy;
The Reivers;0;4.0;64;adult;adventure;classic;
The Remains of the Day;0;4.4;528;adult;
Rendezvous in Black;0;4.7;20;adult;classic;histor;western;
The Rescuers;0;4.7;35;child;adventure;animal;classic;
The Return of the King;0;4.6;9095;adult;adventure;classic;fantasy;wizard;
The Return of the Native;0;4.5;103;adult;classic;histor;myth;
The Return of the Soldier;0;3.7;57;adult;classic;histor;
Return to Paradise;0;4.0;97;child;romance;
Return to Peyton Place;0;4.2;236;adult;classic;
Reuben, Reuben;0;4.7;3;adult;
The Revolt of Mamie Stover;0;4.0;5;adult;
Revolutionary Road;0;4.2;373;adult;classic;mystery;
The Riddle of the Sands: A Record of Secret Service;0;3.6;36;adult;adventure;mystery;
Riders of the Purple Sage;0;4.2;249;teen;adventure;classic;romance;western;
Ripley Under Ground;0;3.7;54;adult;crime;histor;mystery;
Ripley's Game;0;4.2;50;adult;classic;crime;histor;mystery;
Rising Sun (Michael Crichton);0;3.9;198;adult;mystery;tech;
The River (Rumer Godden);0;4.5;6;adult;classic;
Riverworld;0;4.4;59;adult;adventure;classic;fantasy;histor;
Les rivieres pourpres;0;4.0;1;adult;
The Road (Cormac McCarthy);0;4.0;3958;adult;
The Road Back;0;4.7;35;adult;classic;histor;western;
The Highland Rogue;0;4.9;28;adult;adventure;histor;romance;
The Robe;0;4.6;264;adult;adventure;histor;romance;
Robinson Crusoe;0;4.3;383;adult;
Rogue Cop;0;4.5;4;adult;mystery;
A Room with a View;0;3.9;82;adult;
The Roots of Heaven;0;4.9;10;adult;
Rosemary's Baby;0;4.2;316;adult;mystery;
The Rover;0;5.0;1;adult;classic;drama;
The Rules of Attraction;0;4.0;191;adult;romance;
Rum Punch;0;4.2;101;adult;classic;crime;mystery;
The Runaway Jury;0;4.1;603;adult;adventure;mystery;
Paula Gosling;0;4.4;7;adult;mystery;
The Running Man;0;4.3;341;adult;mystery;
The Russia House;0;3.9;46;adult;classic;histor;mystery;
The Saga of Pecos Bill;0;4.3;27;child;histor;myth;
Sahara;0;4.2;199;adult;adventure;mystery;
The Sailor Who Fell from Grace with the Sea;0;4.1;64;teen;classic;romance;
Saint Jack;0;4.3;15;adult;
Saint Johnson;0;5.0;11;adult;histor;
The Salamander (Morris West);0;4.0;4;adult;
'Salem's Lot;1;4.5;1282;adult;mystery;vampire;
Salmon Fishing in the Yemen;0;4.0;202;adult;satire;
Sanctuary (William Faulkner);0;3.7;59;adult;classic;
The Sand Pebbles;0;4.6;115;adult;adventure;classic;drama;histor;tragedy;
Sangre y arena;0;4.5;11;adult;
The Satan Bug;0;4.1;44;adult;adventure;crime;mystery;
Save the Tiger;0;5.0;1;adult;
Sayonara (James A. Michener);0;4.1;56;adult;adventure;histor;romance;
A Scanner Darkly;0;4.4;263;adult;fantasy;mystery;
Armitage Trail;0;4.2;4;adult;crime;mystery;
The Scarlet Letter;0;4.4;100;adult;classic;drama;
The Scarlet Pimpernel;0;4.4;434;adult;adventure;classic;romance;
The Searchers (Alan Le May);0;4.6;157;adult;drama;western;
Schindler's Ark;0;4.8;20;adult;histor;
The Screaming Mimi;0;4.8;9;adult;classic;crime;mystery;
The Score (Donald E. Westlake);0;4.1;56;adult;mystery;
The Sea Hawk;0;4.4;36;adult;
The Sea-Wolf;0;4.3;339;adult;adventure;classic;drama;
The Second Victory;0;3.9;269;adult;histor;western;
The Secret Agent (Joseph Conrad);0;4.0;172;adult;histor;
The Secret Life of Bees;0;4.4;2834;adult;histor;
A Selva;0;5.0;2;adult;animal;
Sense and Sensibility;0;4.3;954;adult;classic;histor;romance;
Seven Days to a Killing;0;5.0;1;adult;crime;mystery;
The Seven-Per-Cent Solution;0;3.9;45;adult;adventure;histor;mystery;
The Seventh;0;4.6;34;adult;crime;mystery;
A Severa;0;4.5;11;adult;tech;
The Shadow Line;0;4.0;8;adult;
The Shadow Riders;0;4.6;30;adult;adventure;histor;western;
Shaft's Big Score;0;3.5;2;adult;mystery;
Shalako;0;4.3;29;adult;adventure;histor;western;
The Shape of Things to Come;0;3.5;19;adult;classic;fantasy;
She: A History of Adventure;0;4.0;2;adult;adventure;classic;histor;
She Loves Me Not;0;4.4;68;adult;mystery;romance;
Sheep (Simon Maginn);0;4.0;6;adult;
A Shilling for Candles;0;4.0;75;adult;mystery;
The Shining;0;4.7;3046;adult;mystery;
Shining Through;0;4.2;94;adult;histor;
The Shipping News;0;3.8;654;adult;classic;
The Shrinking Man;0;4.3;99;adult;fantasy;
The Shoes of the Fisherman;0;4.3;56;adult;histor;
Shoeless Joe;0;4.2;224;teen;fantasy;myth;
The Shootist;0;4.5;93;adult;classic;western;
Shout at the Devil;0;4.2;60;adult;adventure;drama;histor;
Shutter Island;0;4.1;1044;adult;classic;histor;space;
Sideways;0;4.0;167;adult;satire;
The Siege of Trencher's Farm;0;3.9;25;adult;mystery;
The Silence of the Lambs;0;4.7;582;adult;classic;mystery;
The Singer Not the Song;0;5.0;1;adult;
A Simple Plan;0;4.0;371;adult;crime;mystery;
Simple Simon;0;4.1;105;adult;mystery;tech;
Sister Carrie;0;3.9;32;adult;classic;
The Sisterhood of the Traveling Pants;0;4.6;1179;child;
Six Days of the Condor;0;4.1;178;adult;histor;mystery;
Six Weeks (Fred Mustard Stewart);0;5.0;2;adult;
Skinwalkers;0;4.6;117;adult;mystery;
Skipping Christmas;0;3.8;1270;adult;classic;satire;
Skyscraper (Faith Baldwin);0;4.0;3;adult;romance;
Slaughterhouse-Five;0;4.2;2199;adult;classic;fantasy;histor;myth;
Slayground;0;4.5;35;adult;mystery;
Sleeping with the Enemy;0;3.7;82;adult;histor;mystery;
Sliver;0;3.1;19;adult;mystery;
Slugs;0;4.3;46;child;animal;
Small Vices;0;4.5;102;adult;mystery;
The Snatchers;0;4.7;15;adult;mystery;
Snow Angels;0;4.0;118;adult;crime;mystery;
So Red the Rose;0;4.0;8;adult;classic;histor;
Solaris;0;4.0;314;adult;classic;fantasy;
Soldier of Fortune;0;4.1;13;adult;histor;
A Soldier's Daughter Never Cries;0;4.4;24;adult;
Something Wicked This Way Comes;0;4.1;517;adult;classic;fantasy;mystery;
The Song of Bernadette;0;4.8;63;adult;classic;
Sons and Lovers;0;4.0;212;adult;classic;histor;mystery;
S.O.S. Noronha;0;4.1;31;adult;classic;
Sour Sweet;0;4.6;9;adult;
The Sound and the Fury;0;3.9;527;adult;classic;histor;tragedy;
Space (James A. Michener);0;4.2;66;adult;mystery;space;tech;
The Space Vampires;0;3.5;31;adult;classic;fantasy;space;vampire;
The Spanish Gardener;0;4.3;3;adult;
Spartacus;0;4.4;116;adult;drama;histor;
Sphere;0;4.3;932;adult;classic;fantasy;mystery;tech;
The Spiderwick Chronicles;0;4.6;307;child;fantasy;myth;
Split Images;0;4.0;12;adult;crime;mystery;
The Spoilers;0;3.8;5;adult;
The Spook Who Sat by the Door;0;4.6;73;adult;histor;satire;
A Sporting Proposition;0;5.0;3;adult;
Spy Story;0;3.9;7;adult;mystery;
The Spy Who Came in from the Cold;0;4.4;429;adult;mystery;
The Spy Who Loved Me;0;3.6;132;adult;adventure;mystery;
Stairs of Sand;0;4.8;5;adult;western;
The Stalking Moon;0;4.5;13;adult;western;
The Stand;0;4.5;2843;adult;adventure;
Stand at Spanish Boot;0;5.0;4;adult;adventure;
Stardust (Neil Gaiman);0;4.3;1193;adult;adventure;classic;fantasy;histor;
Star in the West;0;4.0;1;adult;histor;
Stars In My Crown;0;5.0;4;adult;
The Stars Look Down;0;4.4;11;adult;
Starship Troopers;0;4.4;1624;adult;fantasy;
Station West;0;4.0;3;adult;
The Stepford Wives;0;4.3;169;adult;
Stella Dallas;0;4.3;7;adult;mystery;voyage;
A Stir of Echoes;0;4.0;103;adult;mystery;
Storm in the City;0;4.9;13;adult;histor;
Strange Case of Dr Jekyll and Mr Hyde;0;4.3;554;adult;classic;
A Stranger Is Watching;0;4.3;117;adult;mystery;
Strangers on a Train;0;4.1;111;adult;classic;crime;histor;mystery;
Stranger's Return;0;4.5;4;adult;romance;
The Street Lawyer;0;3.4;1388;adult;mystery;
Strip Tease (Carl Hiaasen);0;4.2;168;adult;satire;
Stuart Little;0;4.3;231;child;adventure;animal;classic;
The Stud;0;3.2;14;adult;
Stupeur et Tremblement;0;4.4;22;adult;mystery;
Prince Michael of Greece and Denmark;0;3.0;4;adult;histor;
The Sum of All Fears;0;4.2;339;adult;adventure;mystery;
The Sun Also Rises;0;3.8;1179;adult;classic;
The Swarm (Arthur Herzog);0;4.7;6;adult;adventure;fantasy;mystery;
Der Schweizerische Robinson;0;4.0;1;child;
The Sword in the Stone;0;4.1;77;child;adventure;classic;fantasy;histor;mystery;myth;wizard;
Taggart;0;4.5;31;adult;adventure;histor;western;
Tai-Pan;0;4.6;353;adult;adventure;histor;
Take Three Tenses: A Fugue in Time;0;5.0;2;adult;
The Taking of Pelham One Two Three;0;3.9;46;adult;crime;mystery;
A Tale of Two Cities;0;4.2;1033;adult;adventure;classic;drama;histor;romance;
Tales of the South Pacific;0;4.3;116;adult;adventure;classic;drama;histor;romance;
The Talented Mr. Ripley;0;4.2;308;adult;crime;histor;mystery;
The Tall Men;0;4.5;24;adult;adventure;classic;western;
Tarzan (Edgar Rice Burroughs);0;4.5;503;adult;
Telefon (Walter Wager);0;4.8;5;adult;histor;mystery;
Loving Care;0;4.3;30;adult;romance;
The Terminal Man;0;3.6;167;adult;fantasy;mystery;tech;
Terms of Endearment;0;4.1;41;adult;
Tess of the d'Urbervilles;0;4.2;345;adult;
The Tesseract;0;3.5;148;adult;mystery;
Tex;0;4.4;100;child;
Texas (James A. Michener);0;4.4;202;adult;histor;
Texasville;0;3.7;60;adult;western;
Theatre (W. Somerset Maugham);0;4.4;26;adult;classic;
There's a Porpoise Close Behind Us, Arthur Barker;0;4.0;1;adult;
These Foolish Things;0;4.0;504;adult;adventure;satire;
They Came to Cordura;0;4.0;9;adult;
They Do It with Mirrors;0;4.1;40;adult;histor;mystery;
They Shoot Horses, Don't They?;0;4.3;57;adult;classic;mystery;
Thin Air (Robert B. Parker);0;4.3;67;adult;mystery;
The Thirteenth Guest;0;5.0;2;adult;
The Thirty-Nine Steps;0;4.0;105;adult;
Thieves Like Us;0;4.3;12;adult;crime;mystery;romance;
Thomasina: The Cat Who Thought She Was God;0;4.3;6;adult;animal;
Thor (Wayne Smith);0;4.6;60;adult;mystery;vampire;
Thunder Mountain;0;4.5;20;adult;romance;western;
Thunderball;0;4.4;131;adult;adventure;histor;mystery;
Thunderhead;0;4.5;416;adult;mystery;
The Thundering Herd;0;4.3;7;adult;histor;western;
Three-Ten to Yuma;0;4.1;22;adult;classic;mystery;western;
A Tiger Walks;0;4.7;9;adult;histor;
Time After Time (Karl Alexander);0;3.9;9;adult;classic;fantasy;mystery;
The Time Machine (H.G. Wells);0;4.4;746;adult;classic;fantasy;
A Time to Kill;0;4.5;2170;adult;crime;mystery;
The Time Traveler's Wife;0;4.0;2682;adult;adventure;fantasy;histor;romance;
Timeline (Michael Crichton);0;3.7;2076;adult;adventure;histor;mystery;tech;
Tinker, Tailor, Soldier, Spy;0;4.0;442;adult;mystery;
To Catch a Thief;0;4.7;899;adult;classic;crime;mystery;
To Have and Have Not;0;3.9;180;adult;adventure;classic;drama;
To Kill a Mockingbird;1;4.7;8127;adult;classic;drama;mystery;
To Sir, With Love;0;4.6;124;adult;classic;drama;
To the Last Man;0;4.5;356;adult;adventure;histor;tech;western;
Der Tod in Venedig;0;4.2;169;adult;
Toby Tyler;0;4.5;35;adult;
Toilers of the Sea;0;4.3;43;adult;adventure;classic;crime;mystery;
Topaz;0;4.3;247;adult;mystery;
Touch (Elmore Leonard);0;4.2;36;adult;crime;mystery;
Around the World in Eighty Days;0;4.4;326;adult;adventure;classic;fantasy;mystery;tech;
All Men Are Mortal;0;4.6;25;adult;
The Tower (Richard Martin Stern);0;4.1;15;adult;classic;mystery;
A Town Like Alice;0;4.3;531;adult;classic;mystery;
The Track of the Cat;0;4.6;7;adult;classic;
Trainspotting;0;4.6;239;adult;satire;
Treasure Island;0;4.4;1149;adult;adventure;classic;drama;myth;
The Treasure of the Sierra Madre;0;4.7;40;adult;adventure;classic;western;
The Trial;0;4.0;834;adult;classic;
Trinity's Child;0;4.2;12;adult;
Les Trois Mousquetaires;0;5.0;2;adult;adventure;
Jack Trevor Story;0;4.6;7;adult;crime;mystery;satire;
True Grit;0;4.6;469;adult;classic;western;
The Turning Point;0;4.3;33;adult;histor;
The Twenty-fifth Hour;0;4.0;20;adult;tech;
Twilight for the Gods;0;5.0;4;adult;adventure;
The Twilight Saga (Stephenie Meyer);0;3.1;592;child;classic;fantasy;vampire;
Twilight (Stephenie Meyer);0;3.1;592;child;classic;fantasy;vampire;
New Moon;0;4.3;3303;teen;romance;vampire;
Eclipse;0;4.4;3067;teen;fantasy;romance;vampire;
Breaking Dawn;0;3.8;6917;teen;fantasy;romance;vampire;
The Twins (Tessa de Loo);0;3.9;7;adult;mystery;
Two-Gun Man;0;4.0;3;adult;
Two-Minute Warning;0;4.3;3;adult;
Two Much!;0;3.3;12;adult;mystery;
The Two Towers;0;4.6;9095;teen;adventure;classic;fantasy;wizard;
Hard to Be a God;0;4.2;20;adult;fantasy;
The Tunnel of Love (Peter De Vries);0;3.8;5;adult;classic;comedy;
Ugetsu monogatari;0;4.4;9;adult;animal;classic;histor;
The Ugly Dachshund;0;4.9;7;teen;animal;
The Unbearable Lightness of Being;0;4.1;409;adult;classic;
Uncharted Seas (Dennis Wheatley);0;3.4;5;adult;mystery;
Uncle Remus;0;4.4;133;teen;animal;classic;fantasy;myth;
Under the Tonto Rim;0;4.0;4;adult;romance;western;
Undercover Cat;0;4.4;63;adult;animal;mystery;
The Unforgiven (Alan Le May);0;4.2;189;adult;histor;western;
Union Street (Pat Barker);0;4.7;3;adult;
Useless Cowboy;0;3.0;1;adult;western;
Valdez Is Coming;0;4.6;108;adult;classic;mystery;western;
Valley of the Dolls;0;4.4;275;teen;classic;
Vampire$;0;4.1;148;adult;classic;fantasy;vampire;
Les Valseuses;0;3.5;50;adult;
The Vanishing American;0;4.9;7;adult;western;
Vanity Fair (William Makepeace Thackeray);0;4.2;261;adult;
Vengeance: The True Story of an Israeli Counter-Terrorist Team;0;4.5;123;adult;classic;crime;histor;
Vengeance Valley;0;4.3;3;adult;western;
A Very Private Gentleman;0;3.8;86;adult;mystery;
Vespers in Vienna;0;2.0;3;adult;
The Vicomte of Bragelonne: Ten Years Later;0;3.6;5;adult;
Victory (Joseph Conrad);0;4.2;68;adult;classic;
Vigil in the Night;0;5.0;4;adult;
The Viking (Edison Marshall);0;4.8;4;adult;
Viper Three;0;4.0;2;adult;adventure;
Vingt mille lieues sous les mers;0;4.4;16;adult;fantasy;
The Virginian: A Horseman of the Plains;0;4.3;107;adult;
Vision Quest;0;4.3;35;teen;classic;
The Voice of Bugle Ann;0;4.7;18;adult;animal;
Voyage au centre de la Terre;0;3.9;8;adult;
Jules Verne;0;4.2;17;adult;adventure;classic;crime;mystery;
Voyage of the Damned;0;4.6;53;adult;histor;voyage;
The Wages of Fear;0;4.0;1;adult;
A Walk to Remember;0;4.4;2004;adult;romance;
Walkabout;0;4.2;13;adult;adventure;
Walking Shadow;0;4.2;87;adult;mystery;
Waltz into Darkness;0;4.4;16;adult;crime;mystery;romance;
Wanderer of the Wasteland;0;4.4;49;adult;crime;western;
War and Peace;0;4.4;292;adult;classic;
War Horse (Michael Morpurgo);0;4.6;759;child;animal;histor;western;
The War of the Roses;0;4.5;154;adult;drama;histor;
The War of the Worlds;0;4.3;589;adult;classic;fantasy;
A Watcher in the Woods;0;3.9;10;adult;
Water for Elephants;0;4.4;7136;adult;histor;
The Water Hole;0;4.9;114;child;animal;
Watership Down;0;4.6;1669;adult;adventure;classic;fantasy;
The Way West;0;4.5;51;adult;adventure;classic;western;
The Werewolf of Paris;0;3.7;26;adult;classic;histor;
West of the Pecos;0;4.9;7;adult;western;
We're Back! A Dinosaur's Story;0;4.6;8;child;histor;
What Dreams May Come;0;4.2;392;adult;tragedy;
What's the Worst Thing That Could Happen?;0;4.4;56;adult;histor;
The Wheel Spins;0;3.9;17;adult;classic;fantasy;mystery;
When Eight Bells Toll;0;4.2;33;adult;adventure;classic;crime;mystery;western;
When Knighthood Was in Flower;0;4.0;16;adult;
When Worlds Collide;0;4.7;85;adult;fantasy;space;
Where Eagles Dare;0;4.3;87;adult;adventure;classic;crime;mystery;
Where the Boys Are;0;3.7;10;adult;classic;histor;satire;
Where the Red Fern Grows;0;4.7;2542;child;adventure;animal;classic;tragedy;
Where the Wild Things Are;0;4.7;1408;child;adventure;classic;fantasy;
Whistle Stop;0;4.4;25;adult;histor;
White Banners;0;4.5;4;adult;
White Dog (Romain Gary);0;4.0;5;adult;histor;
White Fang;0;4.5;1225;adult;adventure;animal;
White Shark (Peter Benchley);0;3.9;110;adult;mystery;
The White Ship;0;3.0;3;adult;histor;voyage;
The White Stallions of Vienna;0;4.3;3;adult;classic;
White Jazz;0;4.0;95;adult;crime;mystery;
Who? (Algis Budrys);0;4.3;7;adult;
Who Censored Roger Rabbit?;0;4.1;52;adult;classic;satire;
Who Rides with Wyatt;0;5.0;1;adult;western;
Why Me? (Donald E. Westlake);0;4.4;24;adult;histor;mystery;
Wide Sargasso Sea;0;3.8;202;adult;histor;
A Widow for One Year;0;3.6;682;adult;
Wild Horse Mesa;0;4.2;5;adult;adventure;mystery;romance;western;
Wild Justice (Wilbur Smith);0;4.2;100;adult;mystery;
The Willing Flesh;0;4.3;25;adult;histor;
Wilt;0;4.4;49;adult;tech;
The Wind in the Willows;0;4.6;190;child;adventure;animal;classic;
The Wings of the Dove;0;3.6;63;adult;classic;histor;
Winnie-the-Pooh;0;4.7;441;child;adventure;animal;classic;
Winter Meeting;0;4.1;8;adult;
Winter's Bone;0;4.3;440;adult;
The Winter of Our Discontent;0;4.2;231;adult;classic;histor;
Wise Blood;0;4.1;233;adult;classic;
The Witches (Roald Dahl);0;4.5;503;child;classic;fantasy;
The Witches of Eastwick;0;3.2;73;adult;mystery;
Witch's Milk;0;4.4;266;adult;histor;
Dinner with a Perfect Stranger;0;4.4;391;adult;adventure;
The Witnesses (Anne Holden);0;5.0;1;adult;crime;
Woe to Live On;0;4.6;83;adult;histor;
The Wolfen;0;4.4;122;adult;
The Woman Chaser (Charles Willeford);0;3.9;14;adult;crime;mystery;
The Woman in Black (Susan Hill);0;4.1;383;adult;classic;mystery;
The Woman in White (Wilkie Collins);0;4.3;939;adult;
Woman, Thou Art Loosed!: Healings the Wounds of the Past;0;4.7;131;adult;
Woman Wanted (Joanna McClelland Glass);0;3.0;1;adult;romance;
Women in Love (D. H. Lawrence);0;3.7;112;adult;classic;romance;
The Women of Brewster Place;0;4.4;70;adult;
Wonder Boys (Michael Chabon);0;4.0;307;adult;satire;
The Wonderful Wizard of Oz;0;4.5;1502;adult;adventure;myth;wizard;
The World According to Garp;0;4.3;395;adult;comedy;mystery;
The World in His Arms;0;2.0;1;adult;adventure;romance;
The World of Henry Orient;0;4.6;11;teen;adventure;
The Wreck of the Mary Deare;0;4.2;25;adult;mystery;tragedy;
The Wrong Box (Robert Louis Stevenson & Lloyd Osbourne);0;3.9;27;adult;
Wuthering Heights;0;4.4;4101;adult;classic;histor;myth;
The Warriors (Sol Yurick);0;3.7;62;adult;classic;
Yaju no seishun;0;4.4;14;adult;histor;
The Year of Living Dangerously;0;4.2;46;adult;
The Year of the Angry Rabbit;0;3.0;2;adult;
Yellowstone Kelly;0;4.5;8;adult;histor;western;
Yield to the Night;0;4.8;269;teen;fantasy;
You Only Live Twice;0;4.3;128;adult;adventure;mystery;
Norah Lofts;0;4.4;19;adult;drama;histor;tragedy;
Your Ticket Is No Longer Valid;0;4.5;2;adult;
Young Adam;0;4.6;8;adult;
Young Man with a Horn;0;4.5;6;adult;
Zathura;0;4.2;48;child;fantasy;
Zazie in the Metro;0;4.7;12;adult;adventure;classic;histor;
Zorba the Greek;0;4.4;150;adult;classic;
